timestamp,open,high,low,close,adjusted close,volume,dividend amount
2020-03-27,94.6000,113.1500,90.5600,108.0300,108.0300,39907532,0.0000
2020-03-20,98.0000,107.4100,94.7100,95.3900,95.3900,47138046,0.0000
2020-03-13,120.1600,124.8800,100.8100,107.9500,107.9500,55580046,0.0000
2020-03-06,130.7500,136.0950,124.5200,127.7300,127.7300,35054761,0.0000
2020-02-28,145.5100,148.0500,126.3600,130.1500,130.1500,38480655,0.0000
2020-02-21,149.7900,151.8900,148.8400,149.8400,149.8400,12493166,0.0000
2020-02-14,152.9700,155.6000,149.7700,150.7000,150.7000,23423757,0.0000
2020-02-07,144.2500,158.7500,143.9000,153.4100,153.4100,43694755,1.6200
2020-01-31,138.5000,144.0500,134.9700,143.7300,142.2281,34661511,0.0000
2020-01-24,137.8100,145.7900,137.6000,140.5600,139.0912,34829367,0.0000
2020-01-17,135.4800,138.3300,135.0700,138.3100,136.8647,20831539,0.0000
2020-01-10,133.4200,137.8700,133.2000,136.6900,135.2616,17020619,0.0000
2020-01-03,135.2000,135.9200,132.4000,134.3400,132.9362,13418364,0.0000
2019-12-27,135.7800,136.1500,134.6100,135.2700,133.8565,8887084,0.0000
2019-12-20,134.9400,136.4200,133.4600,135.5900,134.1731,20036502,0.0000
2019-12-13,133.3500,135.6604,133.2600,134.2100,132.8076,17504239,0.0000
2019-12-06,134.4500,134.5000,130.6890,133.2200,131.8279,17337693,0.0000
2019-11-29,134.4700,136.1500,133.0300,134.4500,133.0451,11502959,0.0000
2019-11-22,134.3000,135.3800,132.7500,134.3400,132.9362,16963107,0.0000
2019-11-15,137.2000,137.2000,133.3300,134.4000,132.9956,16169172,0.0000
2019-11-08,136.2400,139.1350,136.1600,137.6100,136.1720,17174941,1.6200
2019-11-01,136.0000,136.6300,133.2000,135.5300,132.5542,16136475,0.0000
2019-10-25,132.6100,135.9300,130.9000,135.4400,132.4662,19388201,0.0000
2019-10-18,142.3100,143.7200,132.2500,134.0900,131.1458,34208011,0.0000
2019-10-11,142.2600,144.5000,138.2500,142.7600,139.6254,14096608,0.0000
2019-10-04,143.7300,147.3500,139.1800,142.9900,139.8504,15911420,0.0000
2019-09-27,141.1900,145.0900,140.5580,143.2400,140.0949,12376163,0.0000
2019-09-20,142.5600,145.0300,140.5100,141.8800,138.7648,15262993,0.0000
2019-09-13,140.5900,145.4600,140.4600,143.6700,140.5155,17776693,0.0000
2019-09-06,134.8500,141.6950,133.3301,140.5700,137.4835,12663912,0.0000
2019-08-30,131.0500,136.0700,129.1600,135.5300,132.5542,16211916,0.0000
2019-08-23,134.8800,136.3300,128.8300,129.5700,126.7251,16504912,0.0000
2019-08-16,135.6600,136.5700,130.2500,133.7600,130.8231,20933133,0.0000
2019-08-09,144.9800,145.1000,135.3500,136.1300,133.1410,28623442,1.6200
2019-08-02,151.1100,152.9500,145.5900,147.2500,142.3706,22876887,0.0000
2019-07-26,150.1600,151.9400,148.3800,151.3600,146.3444,16794485,0.0000
2019-07-19,142.8900,151.5800,141.9500,149.6800,144.7201,31893327,0.0000
2019-07-12,141.0500,142.9200,139.1300,142.7400,138.0101,13194248,0.0000
2019-07-05,139.6000,141.8200,139.2800,141.3800,136.6951,9862722,0.0000
2019-06-28,139.2000,140.1500,137.8400,137.9000,133.3304,15575818,0.0000
2019-06-21,135.3900,139.5400,134.7000,139.2000,134.5874,15851123,0.0000
2019-06-14,134.3800,136.4600,133.9100,135.1500,130.6716,13722199,0.0000
2019-06-07,127.1000,134.7200,127.0600,133.3100,128.8925,16193845,0.0000
2019-05-31,132.1300,132.6400,126.8500,126.9900,122.7820,14869322,0.0000
2019-05-24,133.5300,137.0600,130.4400,132.2800,127.8967,15557532,0.0000
2019-05-17,133.2800,136.1100,130.9600,134.3200,129.8691,16426011,0.0000
2019-05-10,138.3000,140.6900,132.4200,135.3200,130.8359,19509963,1.6200
2019-05-03,139.1500,141.8100,138.6800,140.2500,133.9986,16772230,0.0000
2019-04-26,139.4200,141.3100,137.7100,139.4400,133.2247,16961387,0.0000
2019-04-18,144.4000,145.3900,136.2600,140.3300,134.0751,27390537,0.0000
2019-04-12,143.0200,144.4400,141.8400,144.3500,137.9159,13675882,0.0000
2019-04-05,141.5100,144.2200,141.5100,143.2800,136.8936,14574262,0.0000
2019-03-29,139.0600,141.2200,138.3500,141.1000,134.8107,14257045,0.0000
2019-03-22,139.8300,142.1200,138.7200,139.4500,133.2343,17883337,0.0000
2019-03-15,136.0300,140.3300,135.8400,139.4300,133.2152,20959826,0.0000
2019-03-08,139.9900,140.0800,133.5800,135.0900,129.0686,18558647,0.0000
2019-03-01,140.0000,140.4900,137.7200,139.2000,132.9954,15273342,0.0000
2019-02-22,137.8100,139.3800,137.2203,139.2500,133.0432,13238819,0.0000
2019-02-15,134.2900,138.1850,133.9100,138.0300,131.8776,17299173,0.0000
2019-02-08,134.0200,136.6500,132.1200,133.7100,127.7501,21874687,1.5700
2019-02-01,133.1000,135.4149,132.5800,134.1000,126.6301,23585862,0.0000
2019-01-25,123.3000,135.0000,121.5400,133.9700,126.5073,44147478,0.0000
2019-01-18,120.5100,124.7175,119.7607,123.8200,116.9227,23616108,0.0000
2019-01-11,117.5000,121.8600,116.6700,121.4600,114.6942,19780844,0.0000
2019-01-04,113.3300,117.4900,111.6900,117.3200,110.7848,18047093,0.0000
2018-12-28,109.9000,114.8000,105.9400,113.0300,106.7338,21630293,0.0000
2018-12-21,119.0700,120.2700,110.4400,110.9400,104.7602,39485288,0.0000
2018-12-14,119.7400,123.8100,118.5200,119.9000,113.2211,23701178,0.0000
2018-12-07,125.6700,126.5900,118.8700,119.3400,112.6923,25801474,0.0000
2018-11-30,118.3700,124.6900,118.0600,124.2700,117.3476,27471124,0.0000
2018-11-23,121.6300,122.1800,116.6955,117.1900,110.6620,18035587,0.0000
2018-11-16,123.5000,123.5700,119.5100,121.5700,114.7980,23510061,0.0000
2018-11-09,116.1000,125.0600,116.0000,123.5400,116.6583,48482997,1.5700
2018-11-02,119.3400,123.9500,114.0900,115.6700,107.8543,87773431,0.0000
2018-10-26,129.5800,131.9000,123.7100,124.7900,116.3580,36964774,0.0000
2018-10-19,140.3800,145.4500,127.9600,129.1000,120.3768,50928336,0.0000
2018-10-12,148.5000,149.0700,138.7800,140.8500,131.3329,27703434,0.0000
2018-10-05,151.7100,154.3600,147.8700,149.0300,138.9601,18943237,0.0000
2018-09-28,151.1000,153.3500,148.3600,151.2100,140.9928,22847744,0.0000
2018-09-21,148.4400,152.6000,147.4700,151.3500,141.1234,37327961,0.0000
2018-09-14,146.6000,149.3000,145.2500,148.3300,138.3074,20298346,0.0000
2018-09-07,145.9800,147.6600,144.8100,145.4500,135.6220,15394651,0.0000
2018-08-31,146.9400,147.9300,145.2500,146.4800,136.5825,15929583,0.0000
2018-08-24,146.3700,147.1600,144.7500,146.0400,136.1722,12992907,0.0000
2018-08-17,144.1500,146.3900,142.0000,146.0600,136.1908,17890077,0.0000
2018-08-10,146.9500,147.6400,143.8800,144.4800,134.7176,17100909,1.5700
2018-08-03,144.8000,147.9200,142.3300,147.7000,136.2425,24366161,0.0000
2018-07-27,146.3500,149.2700,144.6600,145.1500,133.8903,19940363,0.0000
2018-07-20,145.6700,150.5400,142.7351,146.3500,134.9972,36572622,0.0000
2018-07-13,142.5900,146.9799,142.4700,145.9000,134.5821,17395351,0.0000
2018-07-06,138.2800,142.9400,138.2000,142.4800,131.4274,12024030,0.0000
2018-06-29,140.4000,141.3590,137.4500,139.7000,128.8631,25451478,0.0000
2018-06-22,144.1800,144.5200,140.7800,141.2800,130.3205,21004666,0.0000
2018-06-15,146.6200,147.5200,143.7000,145.3900,134.1117,21311072,0.0000
2018-06-08,142.3000,146.7000,142.1800,146.1400,134.8035,18618365,0.0000
2018-06-01,142.5300,143.1000,140.2100,141.9500,130.9385,20343954,0.0000
2018-05-25,144.9500,146.2040,142.9500,143.6400,132.4974,16951460,0.0000
2018-05-18,144.4700,145.1900,142.9200,144.0800,132.9033,16304020,0.0000
2018-05-11,144.0000,144.8500,141.2800,144.1400,132.9587,20021856,1.5700
2018-05-04,146.8600,147.3800,139.9000,143.9100,131.3010,23464605,0.0000
2018-04-27,145.0300,147.3600,144.1110,146.4800,133.6458,25028049,0.0000
2018-04-20,157.9900,162.0000,144.5100,144.9000,132.2043,51127683,0.0000
2018-04-13,151.8000,159.2200,151.7433,156.7100,142.9795,21372171,0.0000
2018-04-06,153.3400,154.9200,147.4500,150.5700,137.3775,20949699,0.0000
2018-03-29,151.2100,154.8697,150.2800,153.4300,139.9869,14934365,0.0000
2018-03-23,159.7100,159.8899,148.5410,148.8900,135.8447,21959274,0.0000
2018-03-16,159.6400,162.1122,157.7400,160.2600,146.2185,25076217,0.0000
2018-03-09,154.1200,159.5825,153.7500,159.3100,145.3517,22842811,0.0000
2018-03-02,155.8100,159.7800,151.8800,154.4900,140.9540,18831762,0.0000
2018-02-23,155.7900,156.7900,152.7900,155.5200,141.8938,14987102,0.0000
2018-02-16,150.9000,157.7905,149.6400,156.1800,142.4959,25701914,0.0000
2018-02-09,157.8900,158.5000,144.3955,149.5100,136.4103,38856237,1.5000
2018-02-02,167.4500,168.3900,158.8663,159.0300,143.6364,21842492,0.0000
2018-01-26,161.5100,168.7200,161.1100,167.3400,151.1420,28170112,0.0000
2018-01-19,165.1000,171.1300,161.3000,162.3700,146.6531,51246304,0.0000
2018-01-12,162.6600,164.9400,161.7010,163.1400,147.3486,22376145,0.0000
2018-01-05,154.5000,162.9000,153.5400,162.4900,146.7615,26160206,0.0000
2017-12-29,152.5100,154.7200,152.5000,153.4200,138.5694,10573732,0.0000
2017-12-22,153.4100,154.1800,151.4900,152.5000,137.7385,20045931,0.0000
2017-12-15,154.9700,157.8500,152.0300,152.5000,137.7385,31101402,0.0000
2017-12-08,155.6700,156.8000,153.2600,154.8100,139.8249,20236835,0.0000
2017-12-01,152.0600,155.0200,151.6200,154.7600,139.7797,24386604,0.0000
2017-11-24,150.6400,152.4500,149.9000,151.8400,137.1424,13728716,0.0000
2017-11-17,148.8800,150.1500,146.2110,148.9700,134.5502,23731918,0.0000
2017-11-10,151.7700,151.8200,149.1400,149.1600,134.7218,21896399,1.5000
2017-11-03,153.7600,154.9300,151.4900,151.5800,135.5547,19467703,0.0000
2017-10-27,162.0500,162.5100,152.9110,153.6800,137.4327,28529638,0.0000
2017-10-20,147.2200,162.4800,146.1800,162.0700,144.9357,56148944,0.0000
2017-10-13,146.5000,148.9500,146.3500,147.1000,131.5483,16128636,0.0000
2017-10-06,145.3500,147.5400,145.2100,146.4800,130.9939,12252293,0.0000
2017-09-29,145.1200,147.4200,144.2100,145.0800,129.7419,18131168,0.0000
2017-09-22,144.8100,145.8911,144.2200,145.1300,129.7866,16890140,0.0000
2017-09-15,143.5400,146.3800,143.0100,144.8200,129.5094,24882951,0.0000
2017-09-08,143.5000,144.6400,141.6400,142.4500,127.3899,13803467,0.0000
2017-09-01,144.1100,144.5600,141.9000,144.0800,128.8476,17765494,0.0000
2017-08-25,139.5900,144.1900,139.1300,143.7400,128.5436,15927109,0.0000
2017-08-18,142.0000,143.3400,139.5800,139.7000,124.9307,18585485,0.0000
2017-08-11,145.0000,145.0900,141.1900,141.8400,126.8444,18161288,1.5000
2017-08-04,144.3800,145.3900,144.1700,145.1600,128.4575,16503121,0.0000
2017-07-28,147.0000,147.4900,143.6400,144.2900,127.6876,21206630,0.0000
2017-07-21,153.5900,154.2900,146.5100,147.0800,130.1566,39223438,0.0000
2017-07-14,152.9100,154.6150,152.0500,154.2400,136.4928,15015697,0.0000
2017-07-07,153.5800,156.0250,152.1400,152.9400,135.3424,11462576,0.0000
2017-06-30,154.7100,155.7500,153.1400,153.8300,136.1299,13465670,0.0000
2017-06-23,155.5100,155.8600,153.3900,154.1100,136.3777,18294998,0.0000
2017-06-16,154.1900,157.2000,152.9400,155.3800,137.5016,23761609,0.0000
2017-06-09,151.8200,154.2650,150.8000,154.1000,136.3689,20653101,0.0000
2017-06-02,151.9500,153.2000,151.5900,152.0500,134.5548,13583558,0.0000
2017-05-26,152.1000,153.7300,151.2300,152.4900,134.9441,14563625,0.0000
2017-05-19,150.6200,154.1400,150.1100,151.9800,134.4928,23606431,0.0000
2017-05-12,152.8000,153.4700,149.7900,150.3700,133.0681,28432713,1.5000
2017-05-05,160.0500,160.4200,153.0000,155.0500,135.8777,28746997,0.0000
2017-04-28,161.2900,162.0400,159.6300,160.2900,140.4698,22585454,0.0000
2017-04-21,169.7500,171.6900,159.6000,160.3800,140.5486,22353091,0.0000
2017-04-13,172.5300,172.5600,168.9800,169.5300,148.5672,15162492,0.0000
2017-04-07,173.8200,176.3300,171.2800,172.1400,150.8545,20657952,0.0000
2017-03-31,172.6900,175.0000,172.0937,174.1400,152.6072,15949938,0.0000
2017-03-24,175.6500,176.2300,172.8000,173.8300,152.3355,16816026,0.0000
2017-03-17,177.8500,179.0000,174.7500,175.6500,153.9305,20678038,0.0000
2017-03-10,179.7200,181.2900,175.8800,177.8300,155.8409,18283618,0.0000
2017-03-03,181.1900,182.5500,179.2800,180.0500,157.7864,14713309,0.0000
2017-02-24,180.6000,182.5000,179.1200,181.3500,158.9256,13082284,0.0000
2017-02-17,179.2400,182.7900,178.3500,180.6700,158.3297,15587334,0.0000
2017-02-10,175.3100,178.8701,174.3800,178.6800,156.5858,15458288,1.4000
2017-02-03,176.9800,177.0700,172.8900,175.8200,152.8646,16952754,0.0000
2017-01-27,170.0800,179.2500,170.0100,177.3000,154.1514,24898161,0.0000
2017-01-20,166.6900,170.6400,165.8000,170.5500,148.2827,26891514,0.0000
2017-01-13,169.4700,169.8000,165.3400,167.3400,145.4918,16710843,0.0000
2017-01-06,167.0000,169.9200,166.0100,169.5300,147.3959,11943248,0.0000
2016-12-30,166.9800,167.9800,165.5000,165.9900,144.3181,7770697,0.0000
2016-12-23,166.8300,168.2500,165.2500,166.7100,144.9441,13209502,0.0000
2016-12-16,166.7200,169.9520,165.0700,166.7300,144.9614,23953742,0.0000
2016-12-09,160.8500,166.7200,158.9300,166.5200,144.7789,17154330,0.0000
2016-12-02,163.2000,164.6600,158.3000,160.0200,139.1275,19370850,0.0000
2016-11-25,160.6900,163.1900,160.3697,163.1400,141.8402,11269212,0.0000
2016-11-18,161.2500,161.8600,157.5500,160.3900,139.4492,16168917,0.0000
2016-11-11,153.9900,161.3400,151.0000,161.2700,140.2143,25292112,1.4000
2016-11-04,152.7600,154.3300,151.6700,152.4300,131.3435,15168515,0.0000
2016-10-28,150.4000,154.4400,149.8300,152.6100,131.4986,16009359,0.0000
2016-10-21,154.4500,155.8900,147.7900,149.6300,128.9308,31731091,0.0000
2016-10-14,156.7100,158.4900,152.2700,154.4500,133.0840,15614452,0.0000
2016-10-07,158.0600,158.5300,154.8600,155.6700,134.1352,11417766,0.0000
2016-09-30,154.4600,165.0000,153.4600,158.8500,136.8753,15801644,0.0000
2016-09-23,154.8700,157.2200,153.8700,154.9800,133.5407,12476162,0.0000
2016-09-16,155.2600,158.5300,153.2100,153.8400,132.5584,21990587,0.0000
2016-09-09,159.8800,161.7600,155.6500,155.6900,134.1525,15009419,0.0000
2016-09-02,158.8300,160.5700,158.1000,159.5500,137.4785,11286596,0.0000
2016-08-26,160.0000,161.3400,157.8500,158.3200,136.4187,13571765,0.0000
2016-08-19,162.4000,162.9700,159.5200,160.0400,137.9007,14873739,0.0000
2016-08-12,162.7300,164.9500,161.5200,161.9500,139.5465,19554950,1.4000
2016-08-05,160.6500,163.5100,159.8000,163.5100,139.6838,15067283,0.0000
2016-07-29,162.0000,163.6000,160.0300,160.6200,137.2150,13747991,0.0000
2016-07-22,159.3000,162.1700,157.8900,162.0700,138.4537,24775973,0.0000
2016-07-15,154.6000,161.4000,154.5000,159.7800,136.4974,18535456,0.0000
2016-07-08,151.1900,154.6000,149.9200,154.4600,131.9526,10213227,0.0000
2016-07-01,146.1800,152.9700,142.5000,152.3500,130.1500,19155814,0.0000
2016-06-24,152.6000,155.4800,146.1800,146.5900,125.2294,22214411,0.0000
2016-06-17,151.6300,152.7200,149.0000,151.9900,129.8425,15849580,0.0000
2016-06-10,153.0900,154.0900,151.8600,152.3700,130.1671,14920842,0.0000
2016-06-03,152.5600,153.8100,151.5400,152.8900,130.6114,13470239,0.0000
2016-05-27,147.6100,152.9300,146.6600,152.8400,130.5686,14910875,0.0000
2016-05-20,147.6500,149.9900,143.9550,147.2500,125.7932,16406443,0.0000
2016-05-13,147.7000,151.0900,147.0100,147.7200,126.1947,17034303,0.0000
2016-05-06,146.5600,147.9700,142.9000,147.2900,125.8274,21059912,1.4000
2016-04-29,148.1600,150.7800,144.1910,145.9400,123.5002,16956550,0.0000
2016-04-22,151.7500,153.1400,142.6100,148.5000,125.6666,37688644,0.0000
2016-04-15,150.2600,152.7600,148.5800,151.7200,128.3915,17443203,0.0000
2016-04-08,152.3400,153.5200,147.8100,149.3500,126.3859,18417556,0.0000
2016-04-01,147.7500,153.1000,147.2300,152.5200,129.0685,20439783,0.0000
2016-03-24,147.3000,149.2800,144.4900,147.9500,125.2012,17611709,0.0000
2016-03-18,142.0100,147.5100,141.0400,147.0900,124.4734,29886417,0.0000
2016-03-11,137.2800,142.9236,136.8718,142.3600,120.4707,23556160,0.0000
2016-03-04,132.0000,139.4200,130.9000,137.8000,116.6118,22557187,0.0000
2016-02-26,133.8400,134.9200,129.6800,132.0300,111.7290,20763400,0.0000
2016-02-19,121.8300,134.0000,121.3400,133.0800,112.6176,23958762,0.0000
2016-02-12,126.0000,127.5100,116.9010,121.0400,102.4288,32025579,1.3000
2016-02-05,124.4000,128.6400,122.2900,128.5700,107.6984,25527891,0.0000
2016-01-29,122.1000,124.7900,120.6500,124.7900,104.5321,27278749,0.0000
2016-01-22,130.1100,132.1000,118.0000,122.5000,102.6138,44203492,0.0000
2016-01-15,131.8100,134.2799,128.8700,130.0300,108.9214,29470082,0.0000
2016-01-08,135.6000,136.8900,131.3200,131.6300,110.2617,25251873,0.0000
2015-12-31,137.7400,140.4400,136.5400,137.6200,115.2793,13538507,0.0000
2015-12-24,135.8300,139.3050,134.0200,138.2500,115.8070,16540309,0.0000
2015-12-18,135.3100,139.6500,134.0200,134.9000,113.0008,27823388,0.0000
2015-12-11,140.1600,140.4100,133.9100,134.5700,112.7244,21354563,0.0000
2015-12-04,138.6100,141.4000,137.9900,140.4300,117.6331,22935841,0.0000
2015-11-27,138.5300,139.3400,137.1200,138.4600,115.9829,13199481,0.0000
2015-11-20,131.7900,138.9150,131.7900,138.5000,116.0164,21083793,0.0000
2015-11-13,137.9200,138.0800,131.6500,131.7500,110.3622,25069755,0.0000
2015-11-06,140.5000,142.8000,137.8700,138.2500,115.8070,21526383,1.3000
2015-10-30,144.7500,145.0000,137.3300,140.0800,116.2468,34698762,0.0000
2015-10-23,149.8500,149.9700,139.3000,144.6800,120.0642,42068316,0.0000
2015-10-16,152.4000,152.5800,148.5800,150.3900,124.8027,17455488,0.0000
2015-10-09,145.8200,153.1470,145.8200,152.3900,126.4624,19465122,0.0000
2015-10-02,144.4200,145.7100,140.5600,144.5800,119.9812,19914471,0.0000
2015-09-25,145.3900,146.9800,141.9500,145.4200,120.6783,16815584,0.0000
2015-09-18,147.3700,149.6800,143.9800,144.5100,119.9231,20721826,0.0000
2015-09-11,145.8600,149.0400,144.5100,147.3700,122.2965,13916382,0.0000
2015-09-04,147.3800,148.4000,141.8500,143.7000,119.2509,21421138,0.0000
2015-08-28,143.4700,148.9700,140.6200,147.9800,122.8027,32508092,0.0000
2015-08-21,155.2000,156.6900,148.7000,148.8500,123.5247,19846207,0.0000
2015-08-14,156.7700,157.4652,153.9500,155.7500,129.2508,17165086,0.0000
2015-08-07,161.7000,161.8500,154.3350,155.1200,128.7279,20138504,1.3000
2015-07-31,159.0000,162.0600,158.5000,161.9900,133.3204,15380412,0.0000
2015-07-24,172.7900,173.7800,159.4100,159.7500,131.4768,37075256,0.0000
2015-07-17,167.9300,172.5200,167.5200,172.5100,141.9785,17138495,0.0000
2015-07-10,163.8300,167.4000,162.2317,166.9500,137.4025,18143986,0.0000
2015-07-02,163.9200,165.6100,162.1200,165.0900,135.8717,12979210,0.0000
2015-06-26,167.6500,169.9700,165.2300,165.4600,136.1762,20939777,0.0000
2015-06-19,165.3300,168.7200,164.2500,166.9900,137.4354,20761376,0.0000
2015-06-12,167.1700,170.4400,163.3700,166.9900,137.4354,18364270,0.0000
2015-06-05,170.2100,171.5601,167.2000,167.4000,137.7729,13868111,0.0000
2015-05-29,172.1100,172.4800,169.1300,169.6500,139.6247,12435919,0.0000
2015-05-22,173.4400,174.4400,171.9300,172.2200,141.7398,11939607,0.0000
2015-05-15,172.6500,174.4100,168.8400,173.2600,142.5957,13435074,0.0000
2015-05-08,174.4700,176.3000,168.8600,172.6800,142.1184,16793441,1.3000
2015-05-01,170.8900,175.1303,170.0200,173.6700,141.8488,21874751,0.0000
2015-04-24,162.1000,171.9100,161.9000,169.7800,138.6715,35436301,0.0000
2015-04-17,162.3700,164.9600,160.0300,160.6700,131.2307,17532781,0.0000
2015-04-10,159.6900,163.8400,158.7020,162.8600,133.0195,13917063,0.0000
2015-04-02,161.3100,163.6000,158.3900,160.4500,131.0510,16765545,0.0000
2015-03-27,162.7700,165.3500,158.9100,160.4000,131.0102,23569213,0.0000
2015-03-20,155.0500,163.0000,154.8000,162.8800,133.0358,25684872,0.0000
2015-03-13,158.2000,161.1500,153.4000,154.2800,126.0116,26135448,0.0000
2015-03-06,161.6800,161.8900,158.0600,158.5000,129.4583,21117049,0.0000
2015-02-27,164.2300,164.9900,159.7700,161.9400,132.2680,22941227,0.0000
2015-02-20,159.7500,164.4900,159.7300,163.6500,133.6647,14108892,0.0000
2015-02-13,156.0000,160.8000,155.0800,160.4000,131.0102,18164756,0.0000
2015-02-06,154.0000,158.7100,151.5100,156.7200,128.0045,22439830,1.1000
2015-01-30,158.2600,159.4600,149.5200,153.3100,124.3465,32927307,0.0000
2015-01-23,156.7000,157.6000,151.0700,155.8700,126.4229,31230797,0.0000
2015-01-16,159.0000,159.9700,153.7400,157.1400,127.4530,23272056,0.0000
2015-01-09,161.2700,161.2700,154.0300,159.1100,129.0508,24440360,0.0000
2015-01-02,162.0000,163.3100,159.4500,162.0600,131.4435,15698987,0.0000
2014-12-26,158.3300,163.0900,158.3300,162.3400,131.6706,12508916,0.0000
2014-12-19,155.9300,160.4100,150.5000,158.5100,128.5641,34588770,0.0000
2014-12-12,163.2900,163.3300,155.3300,155.3800,126.0255,23397756,0.0000
2014-12-05,161.6400,164.5200,161.3500,163.2700,132.4249,20945441,0.0000
2014-11-28,161.5400,163.8600,161.0100,162.1700,131.5327,17053892,0.0000
2014-11-21,164.1600,164.9700,159.8000,160.9200,130.5188,22273217,0.0000
2014-11-14,161.9000,164.4900,161.6100,164.1600,133.1467,20088151,0.0000
2014-11-07,164.2500,164.5400,160.0500,162.0700,131.4516,20603321,1.1000
2014-10-31,162.0000,165.5900,161.8000,164.4000,132.4391,27342119,0.0000
2014-10-24,166.8450,170.3310,161.1000,162.0800,130.5701,69701346,0.0000
2014-10-17,185.4900,186.6500,178.6900,182.0500,146.6578,24355568,0.0000
2014-10-10,189.6900,190.8900,185.1000,185.9300,149.7835,15795271,0.0000
2014-10-03,188.5100,190.8500,186.2400,188.6700,151.9908,14352364,0.0000
2014-09-26,193.7200,194.1400,188.6100,190.0600,153.1106,16209901,0.0000
2014-09-19,191.4200,195.0000,190.5800,194.0000,156.2846,20044000,0.0000
2014-09-12,190.7500,192.7800,189.5100,191.2800,154.0934,12878100,0.0000
2014-09-05,192.6800,192.9700,190.0600,191.2000,154.0289,9627700,0.0000
2014-08-29,191.3900,194.1330,190.6600,192.3000,154.9151,11487700,0.0000
2014-08-22,188.1000,192.0700,187.7600,190.4100,153.3925,11074800,0.0000
2014-08-15,187.8100,188.8800,186.2800,187.3800,150.9516,10927100,0.0000
2014-08-08,189.3500,189.9500,183.5800,186.6300,150.3474,14770900,1.1000
2014-08-01,194.3000,196.4000,188.8600,189.1500,151.4815,19838900,0.0000
2014-07-25,191.3000,195.9000,189.2500,194.4000,155.6860,19580700,0.0000
2014-07-18,188.5500,195.9500,188.2100,192.5000,154.1643,34217100,0.0000
2014-07-11,187.6100,188.9000,186.2100,188.0000,150.5605,14983700,0.0000
2014-07-03,181.3300,188.9900,180.2600,188.5300,150.9849,18382300,0.0000
2014-06-27,181.9200,183.0000,179.2700,181.7100,145.5231,17703900,0.0000
2014-06-20,182.4000,184.4700,181.2350,181.5500,145.3950,24186800,0.0000
2014-06-13,186.2200,187.6400,180.9100,182.5600,146.2038,18143900,0.0000
2014-06-06,184.7600,187.6500,183.9200,186.3700,149.2551,14243300,0.0000
2014-05-30,184.8000,185.6500,182.3300,184.3600,147.6454,15895800,0.0000
2014-05-23,186.6100,187.1600,184.7000,185.9400,148.9107,14066100,0.0000
2014-05-16,191.1200,193.0300,185.9300,187.0600,149.8077,19407200,0.0000
2014-05-09,191.0500,191.4900,186.9300,190.0800,152.2263,13925300,1.1000
2014-05-02,191.1400,196.8600,190.5800,191.4400,152.4297,21195300,0.0000
2014-04-25,189.8000,193.0000,189.1100,189.6300,150.9885,22312800,0.0000
2014-04-17,196.2400,198.7100,187.0100,190.0100,151.2911,30565200,0.0000
2014-04-11,191.7200,199.2100,191.5700,195.1900,155.4155,30598500,0.0000
2014-04-04,191.6400,195.1300,191.2800,191.7700,152.6924,29036500,0.0000
2014-03-28,187.4300,195.6300,187.3700,190.4500,151.6414,35465000,0.0000
2014-03-21,182.6600,188.7000,182.6600,186.6700,148.6317,30821100,0.0000
2014-03-14,187.5500,188.4500,182.2100,182.2100,145.0805,24057200,0.0000
2014-03-07,183.3300,188.9200,182.8200,187.6800,149.4359,20103400,0.0000
2014-02-28,182.8200,186.1200,182.8200,185.1700,147.4373,20734000,0.0000
2014-02-21,183.1800,185.7100,182.3200,182.7900,145.5423,19774200,0.0000
2014-02-14,176.9700,184.4300,176.2500,183.6900,146.2589,21312600,0.0000
2014-02-07,176.0200,177.5600,172.1900,177.2500,141.1312,25234000,0.9500
2014-01-31,179.6050,179.6500,175.3400,176.6800,139.9164,25559900,0.0000
2014-01-24,190.2300,190.3900,179.6400,179.6400,142.2605,38736900,0.0000
2014-01-17,186.2600,190.8100,183.8600,190.0900,150.5360,27635300,0.0000
2014-01-10,187.1500,190.3500,185.3000,187.2600,148.2949,22947500,0.0000
2014-01-03,185.3200,187.7900,184.6700,186.6400,147.8039,15248000,0.0000
2013-12-27,181.0500,186.5000,180.6100,185.0800,146.5685,12400800,0.0000
2013-12-20,173.2200,182.0000,172.7300,180.0200,142.5614,32267100,0.0000
2013-12-13,177.9900,178.1520,172.7300,172.8000,136.8437,21870800,0.0000
2013-12-06,179.4600,179.5900,175.1600,177.6700,140.7004,24816100,0.0000
2013-11-29,180.2500,180.7600,177.3100,179.6800,142.2921,20384900,0.0000
2013-11-22,183.5200,186.2400,179.9200,181.3000,143.5751,25637400,0.0000
2013-11-15,180.1900,184.0487,179.6600,183.1900,145.0718,25682800,0.0000
2013-11-08,179.9000,181.3900,177.3500,179.9900,142.5376,25635300,0.9500
2013-11-01,177.0400,182.3200,176.2000,179.2300,141.1873,25853600,0.0000
2013-10-25,174.4200,179.1000,172.6301,176.8500,139.3124,29861500,0.0000
2013-10-18,185.4100,186.9900,172.5700,173.7800,136.8941,45663100,0.0000
2013-10-11,181.8500,186.2300,178.7100,186.1600,146.6463,20859700,0.0000
2013-10-04,185.5600,186.7400,183.0000,184.1000,145.0236,16351900,0.0000
2013-09-27,190.0600,192.4100,186.4500,186.9200,147.2450,15079700,0.0000
2013-09-20,193.7000,194.8900,190.0200,190.0200,149.6870,22379100,0.0000
2013-09-13,183.6800,193.1000,183.3100,192.1700,151.3807,18194900,0.0000
2013-09-06,183.6300,185.0000,182.3100,183.0300,144.1807,11856200,0.0000
2013-08-30,185.2700,187.0000,181.1000,182.2700,143.5820,15052200,0.0000
2013-08-23,185.3000,186.5700,183.1685,185.4200,146.0634,14564700,0.0000
2013-08-16,186.9700,189.9900,185.3400,185.3400,146.0004,16580500,0.0000
2013-08-09,195.1600,195.8800,186.7900,187.8200,147.9540,20128300,0.9500
2013-08-02,196.8300,197.8300,193.2215,195.1600,152.9653,15338600,0.0000
2013-07-26,193.4000,197.8300,193.2804,197.3500,154.6819,14719100,0.0000
2013-07-19,192.4200,200.9400,191.6800,193.5400,151.6956,31679400,0.0000
2013-07-12,195.6000,195.7800,190.7800,192.0700,150.5434,20715900,0.0000
2013-07-05,192.1500,195.1600,190.2600,194.9300,152.7851,12378100,0.0000
2013-06-28,193.9900,196.9000,188.4100,191.1100,149.7910,25092600,0.0000
2013-06-21,203.4400,206.0900,193.5401,195.4600,153.2005,22773400,0.0000
2013-06-14,206.9700,206.9800,200.3400,202.2000,158.4833,14580500,0.0000
2013-06-07,208.2500,210.0500,201.4700,206.3500,161.7360,17768500,0.0000
2013-05-31,207.4400,211.9800,206.0400,208.0200,163.0449,16799600,0.0000
2013-05-24,208.0200,210.1500,204.4200,205.7200,161.2422,20259100,0.0000
2013-05-17,204.1800,209.5000,202.0400,208.4400,163.3741,21587300,0.0000
2013-05-10,203.7900,205.0000,201.5200,204.4700,160.2625,18700700,0.9500
2013-05-03,194.7800,205.3190,194.6500,204.5100,159.5538,26809200,0.0000
2013-04-26,191.1500,195.1700,187.6800,194.3100,151.5960,27976600,0.0000
2013-04-19,210.4400,212.0000,189.7600,190.0000,148.2334,35696400,0.0000
2013-04-12,209.0700,213.0900,207.3300,211.3800,164.9136,15273700,0.0000
2013-04-05,212.8000,214.8900,206.3400,209.4100,163.3766,16247600,0.0000
2013-03-28,212.5400,213.4400,209.7350,213.3000,166.4115,12516100,0.0000
2013-03-22,212.9000,215.8200,210.1100,212.0800,165.4597,18085500,0.0000
2013-03-15,210.0400,215.9000,209.0400,214.9200,167.6754,23433000,0.0000
2013-03-08,202.5900,210.7400,202.5500,210.3800,164.1334,18680900,0.0000
2013-03-01,201.6700,203.1230,197.5100,202.9100,158.3055,19419000,0.0000
2013-02-22,200.6000,201.8900,198.1100,201.0900,156.8856,13744500,0.0000
2013-02-15,200.9800,201.9500,199.0200,200.9800,156.7998,14498300,0.0000
2013-02-08,204.1900,205.0200,198.6800,201.6800,157.3459,16419900,0.8500
2013-02-01,204.8500,206.2200,202.9600,205.1800,159.4025,15901300,0.0000
2013-01-25,194.3600,208.5800,194.0100,204.9700,159.2393,27508900,0.0000
2013-01-18,192.8200,195.0000,190.3900,194.4700,151.0820,19748400,0.0000
2013-01-11,193.4000,195.0000,191.2800,194.4500,151.0664,16589700,0.0000
2013-01-04,189.2300,196.3500,188.8400,193.9900,150.7091,15943900,0.0000
2012-12-28,193.0500,193.8300,189.8300,189.8300,147.4772,11911900,0.0000
2012-12-21,191.7600,196.4500,191.5700,193.4200,150.2662,24598600,0.0000
2012-12-14,192.1700,194.8000,191.2600,191.7600,148.9766,19274500,0.0000
2012-12-07,190.7600,192.2000,186.9400,191.9500,149.1242,18850300,0.0000
2012-11-30,192.4500,193.3700,189.2700,190.0700,147.6636,21119100,0.0000
2012-11-23,188.6200,193.4900,188.2500,193.4900,150.3206,15826300,0.0000
2012-11-16,190.0300,190.8800,184.7800,186.9400,145.2320,18951000,0.0000
2012-11-09,192.3600,196.7500,188.8800,189.6400,147.3296,17977200,0.8500
2012-11-02,194.8000,198.0000,193.2900,193.4300,149.6088,14071200,0.0000
2012-10-26,193.7100,194.6800,190.5600,193.2700,149.4850,19824000,0.0000
2012-10-19,208.8800,211.0000,193.1800,193.3600,149.5546,37283100,0.0000
2012-10-12,210.0200,210.7400,205.0500,207.8000,160.7233,15209500,0.0000
2012-10-05,208.0100,211.7900,207.9400,210.5900,162.8812,17786100,0.0000
2012-09-28,205.0200,208.3200,203.9000,207.4500,160.4526,17962400,0.0000
2012-09-21,205.5500,207.9900,205.3000,205.9800,159.3156,24867400,0.0000
2012-09-14,199.3900,207.6500,198.7300,206.8100,159.9575,19339300,0.0000
2012-09-07,196.6100,199.5000,193.2500,199.5000,154.3036,15172300,0.0000
2012-08-31,197.9600,198.3000,193.1800,194.8500,150.7071,13113600,0.0000
2012-08-24,200.6900,201.1300,194.2000,197.7700,152.9655,14140300,0.0000
2012-08-17,198.8800,202.0000,197.7200,201.2200,155.6340,12373700,0.0000
2012-08-10,198.7600,200.8800,197.2400,199.2900,154.1412,12376100,0.8500
2012-08-03,196.3200,198.9500,193.0200,198.5200,152.8927,14944000,0.0000
2012-07-27,189.7800,197.4100,188.2000,196.3900,151.2522,18795600,0.0000
2012-07-20,185.5800,196.8500,183.2000,192.4500,148.2178,31507600,0.0000
2012-07-13,190.7600,191.1400,181.8500,186.0100,143.2579,22998800,0.0000
2012-07-06,196.3600,197.2000,189.7400,191.4100,147.4168,11920500,0.0000
2012-06-29,192.4800,195.8100,188.9000,195.5800,150.6284,18637100,0.0000
2012-06-22,197.5700,199.9900,193.1900,193.7000,149.1805,23194300,0.0000
2012-06-15,196.6000,199.2700,192.1400,199.1000,153.3394,19518700,0.0000
2012-06-08,188.3400,195.8299,187.0000,195.1400,150.2895,18002600,0.0000
2012-06-01,195.2200,198.0800,188.6000,189.0800,145.6223,21714900,0.0000
2012-05-25,195.9800,198.2600,193.2000,194.3000,149.6426,17970000,0.0000
2012-05-18,199.9200,201.4679,195.1600,195.8800,150.8594,22381000,0.0000
2012-05-11,203.9600,204.7700,199.0600,201.1700,154.9336,17219400,0.8500
2012-05-04,206.7100,208.9290,204.4000,204.9900,157.2124,14699600,0.0000
2012-04-27,197.8900,208.1700,196.7910,206.8100,158.6082,20048100,0.0000
2012-04-20,204.7400,207.6400,197.5210,199.6000,153.0786,30566700,0.0000
2012-04-13,204.4000,206.1700,202.1700,202.8000,155.5328,17522600,0.0000
2012-04-05,208.9600,210.6900,204.4600,205.4700,157.5805,15692400,0.0000
2012-03-30,206.4500,209.1200,206.0200,208.6500,160.0193,16007300,0.0000
2012-03-23,205.7100,206.5300,203.7020,205.4800,157.5882,17132200,0.0000
2012-03-16,200.9300,207.5200,200.2300,206.0100,157.9946,25846100,0.0000
2012-03-09,198.3600,201.1900,196.8120,200.6200,153.8609,21823600,0.0000
2012-03-02,196.7800,199.1700,196.1000,198.8100,152.4728,19330600,0.0000
2012-02-24,193.7300,199.2300,192.4600,197.7600,151.6675,17955300,0.0000
2012-02-17,193.3100,193.8600,190.8310,193.4200,148.3390,17149800,0.0000
2012-02-10,192.4800,194.4600,191.2800,192.4200,147.5721,18144100,0.7500
2012-02-03,189.3900,194.8100,188.2200,193.6400,147.9327,22703600,0.0000
2012-01-27,187.9100,192.7900,187.6700,190.4600,145.5034,22822200,0.0000
2012-01-20,180.3600,188.9700,179.3200,188.5200,144.0213,32020900,0.0000
2012-01-13,182.2000,183.7200,177.3472,179.1600,136.8706,26633200,0.0000
2012-01-06,186.7300,188.7100,182.3100,182.5400,139.4528,19352900,0.0000
2011-12-30,184.9700,186.4800,183.3400,183.8800,140.4765,12119700,0.0000
2011-12-23,184.5100,187.3300,179.0400,184.7500,141.1412,27166800,0.0000
2011-12-16,193.6400,194.3000,181.9100,183.5700,140.2397,30186100,0.0000
2011-12-09,191.1800,194.9000,190.3200,194.5600,148.6356,24142900,0.0000
2011-12-02,182.7100,191.3300,180.6700,189.6600,144.8922,25843600,0.0000
2011-11-25,183.3700,183.9600,177.0600,177.0600,135.2663,16357400,0.0000
2011-11-18,189.1700,189.9700,183.3900,185.2400,141.5155,25522100,0.0000
2011-11-11,186.2200,187.8800,181.1600,187.3800,143.1504,20903100,0.7500
2011-11-04,185.5900,187.7800,180.7400,186.3800,141.8184,22918900,0.0000
2011-10-28,181.5100,188.0700,179.0300,187.4500,142.6325,28719000,0.0000
2011-10-21,189.7100,190.1600,176.1700,181.6300,138.2041,46796000,0.0000
2011-10-14,183.0000,190.5300,182.9000,190.5300,144.9762,26220900,0.0000
2011-10-07,174.3600,183.7200,168.8800,182.3900,138.7823,38117800,0.0000
2011-09-30,170.9600,180.9100,169.8600,174.8700,133.0603,36868400,0.0000
2011-09-23,169.5000,177.6700,165.7600,169.3400,128.8525,31790500,0.0000
2011-09-16,159.6400,172.9900,158.7600,172.9900,131.6298,33464200,0.0000
2011-09-09,163.0600,169.5800,160.8100,161.3700,122.7880,25328900,0.0000
2011-09-02,170.5800,173.7200,166.0000,166.9800,127.0567,26288300,0.0000
2011-08-26,161.3500,169.3300,157.6200,169.1400,128.7003,33789200,0.0000
2011-08-19,171.3200,174.0000,157.1300,157.5400,119.8737,47511700,0.0000
2011-08-12,168.8300,172.6100,161.8500,168.2000,127.9850,56678700,0.7500
2011-08-05,182.6000,183.6900,166.5200,172.9800,131.0310,41229200,0.0000
2011-07-29,183.8900,184.9600,179.7300,181.8500,137.7499,26294400,0.0000
2011-07-22,174.7300,185.6300,173.5800,185.1800,140.2724,37500900,0.0000
2011-07-15,174.9000,176.3200,173.8400,175.5400,132.9701,23838300,0.0000
2011-07-08,173.5200,177.7700,173.5200,176.4900,133.6898,20777900,0.0000
2011-07-01,165.7400,174.6500,165.2100,174.5400,132.2126,23400700,0.0000
2011-06-24,163.7000,166.8100,163.5900,165.0700,125.0392,22978000,0.0000
2011-06-17,164.4400,165.1000,161.5200,164.4400,124.5620,29385600,0.0000
2011-06-10,164.7600,165.9600,162.8700,163.1800,123.6075,20640600,0.0000
2011-06-03,168.4400,169.8900,164.1300,165.0500,125.0240,23342600,0.0000
2011-05-27,168.5800,168.6900,165.9000,167.5000,126.8799,22718600,0.0000
2011-05-20,169.8100,171.4100,166.5300,170.1600,128.8948,25997900,0.0000
2011-05-13,168.3900,172.7700,167.8200,169.9200,128.7130,23498700,0.0000
2011-05-06,172.1100,173.5400,167.5000,168.8900,127.9328,29465600,0.7500
2011-04-29,167.6500,173.0000,167.2300,170.5800,128.6417,26858900,0.0000
2011-04-21,164.6400,168.4500,162.1900,168.2800,126.9072,29758000,0.0000
2011-04-15,163.4400,166.3400,162.3000,166.2100,125.3461,22168000,0.0000
2011-04-08,164.4200,164.7500,163.1600,164.0500,123.7172,17602700,0.0000
2011-04-01,161.5400,164.4200,161.1200,164.2700,123.8831,19066300,0.0000
2011-03-25,157.6400,162.7400,157.0700,162.1800,122.3069,25371800,0.0000
2011-03-18,161.1600,161.9804,151.7100,155.8900,117.5634,41798000,0.0000
2011-03-11,161.6000,167.7200,158.8500,162.4300,122.4954,31095800,0.0000
2011-03-04,162.3600,164.3100,159.4100,161.8300,122.0430,21537300,0.0000
2011-02-25,163.5700,164.2600,159.0300,162.2800,122.3823,21433300,0.0000
2011-02-18,164.1800,164.8400,162.5200,164.8400,124.3129,18590000,0.0000
2011-02-11,164.0800,166.2500,163.1800,163.8500,123.5663,26097300,0.6500
2011-02-04,159.1800,164.2000,158.6800,164.0000,123.1972,25371100,0.0000
2011-01-28,155.4200,164.3500,155.3300,159.2100,119.5989,32502900,0.0000
2011-01-21,149.8200,156.7800,149.3800,155.5000,116.8120,35766800,0.0000
2011-01-14,147.5800,150.0000,146.7500,150.0000,112.6804,19878500,0.0000
2011-01-07,147.2100,148.8600,146.6400,147.9300,111.1254,23486200,0.0000
2010-12-31,145.1200,147.5000,145.0000,146.7600,110.2465,14684300,0.0000
2010-12-23,145.3900,146.4000,144.3300,145.8900,109.5929,13585400,0.0000
2010-12-17,145.1400,146.0100,144.1500,145.0000,108.9244,28194800,0.0000
2010-12-10,144.5400,146.2999,143.5200,144.8200,108.7891,21020900,0.0000
2010-12-03,143.5300,145.8500,141.2800,145.3800,109.2098,28622500,0.0000
2010-11-26,144.0000,146.4400,142.3300,143.9000,108.0980,15256400,0.0000
2010-11-19,143.8900,145.3500,141.1800,145.0500,108.9619,24207800,0.0000
2010-11-12,145.3500,147.5300,143.3500,143.7400,107.9778,24816000,0.6500
2010-11-05,143.6400,146.9300,142.3200,146.9200,109.8790,27101400,0.0000
2010-10-29,140.4200,144.0000,138.5300,143.6000,107.3960,32583300,0.0000
2010-10-22,140.9000,143.0300,136.7000,139.6700,104.4569,41753800,0.0000
2010-10-15,138.7900,142.1000,138.2700,141.0600,105.4964,31299400,0.0000
2010-10-08,135.2300,139.0900,134.3900,138.8500,103.8436,26027000,0.0000
2010-10-01,133.5100,136.2800,133.5100,135.6400,101.4429,30834900,0.0000
2010-09-24,130.2400,134.1500,130.1100,134.1100,100.2986,28357000,0.0000
2010-09-17,128.6300,130.6000,128.4300,130.1900,97.3669,29966700,0.0000
2010-09-10,126.9900,128.2900,125.3900,127.9900,95.7216,16686200,0.0000
2010-09-03,125.0800,127.6000,122.2800,127.5800,95.4149,25097500,0.0000
2010-08-27,127.5700,128.0300,122.4200,124.7300,93.2835,28851700,0.0000
2010-08-20,127.4700,130.1950,126.9600,127.5000,95.3551,24839400,0.0000
2010-08-13,130.7900,132.4900,127.3300,127.8700,95.6318,27721100,0.0000
2010-08-06,129.2500,131.9800,128.7600,130.1400,97.3295,26753600,0.6500
2010-07-30,128.1800,129.5000,127.0400,128.4000,95.5510,29087100,0.0000
2010-07-23,128.6700,130.3800,122.9300,128.3800,95.5361,45328500,0.0000
2010-07-16,127.3700,131.6000,127.1600,128.0300,95.2756,30691500,0.0000
2010-07-09,123.5800,128.2000,122.1700,127.9600,95.2235,22776300,0.0000
2010-07-02,127.6500,129.4700,120.6100,121.8600,90.6841,39925900,0.0000
2010-06-25,131.4200,131.9400,127.1200,127.1200,94.5984,35729700,0.0000
2010-06-18,128.5000,131.2500,128.3400,130.1500,96.8533,34958900,0.0000
2010-06-11,125.5700,128.8000,122.8200,128.4500,95.5882,36446000,0.0000
2010-06-04,124.6900,128.2200,124.2000,125.2800,93.2292,31155200,0.0000
2010-05-28,125.2600,126.3900,121.4700,125.2600,93.2143,40594400,0.0000
2010-05-21,130.6800,131.9900,121.4000,125.4200,93.3334,52738700,0.0000
2010-05-14,126.2700,133.1000,125.0600,131.1900,97.6272,52007600,0.0000
2010-05-07,129.3900,130.1400,116.0000,122.1000,90.8627,43103500,0.6500
2010-04-30,129.7600,132.0000,128.7100,129.0000,95.4966,35378000,0.0000
2010-04-23,130.3800,132.2800,127.7700,129.9900,96.2294,46345200,0.0000
2010-04-16,128.5700,132.1700,127.8400,130.6300,96.7032,35328700,0.0000
2010-04-09,128.3800,129.8000,127.1200,128.7600,95.3189,24394000,0.0000
2010-04-01,129.3000,129.9500,127.5500,128.2500,94.9413,17954900,0.0000
2010-03-26,127.1100,130.7300,126.5700,129.2600,95.6890,31453700,0.0000
2010-03-19,127.4000,128.9300,126.7800,127.7100,94.5416,32679700,0.0000
2010-03-12,127.0600,128.3700,125.2000,127.9400,94.7119,33736000,0.0000
2010-03-05,127.5000,129.0900,125.4700,127.2500,94.2011,29153500,0.0000
2010-02-26,127.3000,128.2700,125.5700,127.1600,94.1344,23624900,0.0000
2010-02-19,124.9100,128.0600,124.1100,127.1900,94.1566,24433700,0.0000
2010-02-12,123.1500,124.2000,121.6100,124.0000,91.7951,30088800,0.5500
2010-02-05,123.2300,126.0700,121.8300,122.9700,90.6237,35063800,0.0000
2010-01-29,126.3300,127.7500,121.9000,122.3900,90.1963,42786400,0.0000
2010-01-22,131.6300,134.2500,125.3700,125.5000,92.4882,48810900,0.0000
2010-01-15,131.0600,132.8900,128.6700,131.7800,97.1163,35873500,0.0000
2010-01-08,131.1800,132.9700,128.9100,130.8500,96.4309,28639800,0.0000
2009-12-31,130.9900,132.8500,130.6800,130.9000,96.4678,18075000,0.0000
2009-12-24,127.8000,130.5700,127.6800,130.5700,96.2246,18700700,0.0000
2009-12-18,129.6500,129.9800,127.0000,127.9100,94.2643,34452500,0.0000
2009-12-11,126.8800,129.7700,126.1100,129.6800,95.5687,29242700,0.0000
2009-12-04,125.1200,128.9000,124.9200,127.2500,93.7779,30307700,0.0000
2009-11-27,127.7000,128.9400,124.2600,125.7000,92.6356,19106900,0.0000
2009-11-20,127.1700,128.6550,126.4600,126.9600,93.5642,23482700,0.0000
2009-11-13,123.9200,127.8000,123.4900,127.0300,93.6157,31065000,0.0000
2009-11-06,120.6100,123.5000,119.5000,123.4900,91.0069,30790900,0.5500
2009-10-30,120.6100,124.3000,119.1500,120.6100,88.4904,38785400,0.0000
2009-10-23,121.7600,124.1100,120.0000,120.3600,88.3069,36292000,0.0000
2009-10-16,125.4400,128.6100,121.2500,121.6400,89.2461,55978800,0.0000
2009-10-09,118.9000,126.0000,118.1300,125.9300,92.3936,37825500,0.0000
2009-10-02,120.5200,122.0000,117.2600,119.0200,87.3238,37380100,0.0000
2009-09-25,121.0300,122.7400,120.1000,121.0800,88.8352,26232600,0.0000
2009-09-18,117.0000,122.8800,116.9400,122.1100,89.5909,40859700,0.0000
2009-09-11,117.9400,119.2500,116.1600,118.0500,86.6121,21828700,0.0000
2009-09-04,117.1000,118.9300,115.1500,117.4600,86.1792,25309900,0.0000
2009-08-28,119.9200,120.8800,117.5100,118.2200,86.7368,26123700,0.0000
2009-08-21,116.6900,120.0100,116.1200,119.9000,87.9694,27622200,0.0000
2009-08-14,118.1700,119.9600,117.3200,118.5700,86.9936,25401100,0.0000
2009-08-07,118.8800,119.9600,116.7000,119.3300,87.5512,27893800,0.5500
2009-07-31,116.9500,119.3700,116.0500,117.9300,86.1205,28085700,0.0000
2009-07-24,114.5300,118.1500,114.3900,117.6400,85.9088,42520000,0.0000
2009-07-17,101.2800,115.5300,100.1900,115.4200,84.2876,58793700,0.0000
2009-07-10,101.5700,102.7800,99.5000,100.8300,73.6330,34208000,0.0000
2009-07-02,105.9900,106.2700,101.7300,101.7300,74.2902,24758400,0.0000
2009-06-26,105.1800,106.7850,103.5100,105.6800,77.1748,30871700,0.0000
2009-06-19,107.6300,109.1400,105.5000,105.8900,77.3281,42930700,0.0000
2009-06-12,106.6400,110.6400,105.5000,108.2100,79.0223,38913000,0.0000
2009-06-05,106.9400,108.8000,105.1100,107.2400,78.3140,35592300,0.0000
2009-05-29,101.3200,106.5000,101.0200,106.2800,77.6129,27330100,0.0000
2009-05-22,102.0000,106.1200,101.7400,101.8900,74.4070,34599500,0.0000
2009-05-15,101.0900,104.3800,100.5700,101.3700,74.0273,42229200,0.0000
2009-05-08,105.2600,106.8200,99.8300,101.4900,74.1149,42691700,0.5500
2009-05-01,99.6100,106.0500,99.2500,104.6100,75.9939,46394300,0.0000
2009-04-24,100.2900,103.8600,98.2000,100.0800,72.7030,59469300,0.0000
2009-04-17,100.2800,102.0400,96.4400,101.2700,73.5675,41711800,0.0000
2009-04-09,100.9000,102.4500,98.5200,101.7000,73.8799,32887100,0.0000
2009-04-03,92.0000,102.6600,91.8000,102.2200,74.2576,64912500,0.0000
2009-03-27,93.7000,99.8600,92.7500,94.1500,68.3952,60950700,0.0000
2009-03-20,91.3400,95.0000,89.4100,92.5100,67.2038,63330900,0.0000
2009-03-13,84.7000,90.6500,83.0200,90.3600,65.6420,61831600,0.0000
2009-03-06,91.1700,91.9000,83.8100,85.8100,62.3366,74483600,0.0000
2009-02-27,89.3000,93.2800,82.8500,92.0300,66.8551,77805700,0.0000
2009-02-20,91.7300,92.4900,87.3400,88.7900,64.5014,42419500,0.0000
2009-02-13,95.9300,96.9800,92.2000,93.8400,68.1700,49132900,0.0000
2009-02-06,90.6000,97.1000,89.6900,96.1400,69.8408,53659500,0.5000
2009-01-30,89.7700,94.9400,89.5200,91.6500,66.2346,50819300,0.0000
2009-01-23,84.7600,91.6000,81.7600,89.4900,64.6736,61309500,0.0000
2009-01-16,84.5700,86.6000,82.1100,84.9200,61.3709,48180000,0.0000
2009-01-09,86.4200,90.4100,84.2500,84.7000,61.2119,41092400,0.0000
2009-01-02,81.7200,87.5900,79.6800,87.3700,63.1415,26062900,0.0000
2008-12-26,83.2700,83.4500,79.9200,81.3300,58.7764,18974200,0.0000
2008-12-19,82.5100,87.2700,80.0000,83.5200,60.3591,50128100,0.0000
2008-12-12,82.5700,85.8800,78.0600,82.2000,59.4052,49785100,0.0000
2008-12-05,80.9500,81.5000,75.3100,80.5900,58.2416,51454000,0.0000
2008-11-28,75.7400,82.4000,75.0000,81.6000,58.9716,39691800,0.0000
2008-11-21,79.4000,81.0000,69.5000,74.8800,54.1151,73411500,0.0000
2008-11-14,87.9900,88.1000,75.4000,80.3300,58.0537,58194400,0.0000
2008-11-07,92.6400,94.7600,84.2500,86.2700,62.3465,47015300,0.5000
2008-10-31,80.2700,94.1900,79.0100,92.9700,66.7963,60537100,0.0000
2008-10-24,92.2100,93.3100,78.8200,82.0700,58.9650,58306900,0.0000
2008-10-17,90.4400,99.0000,84.3500,90.7800,65.2229,75048600,0.0000
2008-10-10,101.2100,103.0000,83.5100,87.7500,63.0459,86848900,0.0000
2008-10-03,117.4400,118.4300,103.0300,103.4400,74.3187,62809100,0.0000
2008-09-26,118.4500,121.9900,114.1400,119.4200,85.7999,34730600,0.0000
2008-09-19,115.3600,124.0000,110.6100,118.8500,85.3904,66307100,0.0000
2008-09-12,118.0000,119.9500,115.0000,118.9700,85.4766,46783800,0.0000
2008-09-05,122.8700,124.0000,113.1700,114.3300,82.1429,42011600,0.0000
2008-08-29,124.4800,125.4500,121.5000,121.7300,87.4596,30493600,0.0000
2008-08-22,126.4900,127.0000,121.5500,124.9300,89.7587,34457400,0.0000
2008-08-15,128.4300,128.4300,124.4000,126.3600,90.7861,32724200,0.0000
2008-08-08,126.7700,129.9700,126.2500,128.8100,92.5464,34413900,0.5000
2008-08-01,127.6900,129.5000,126.1300,126.6400,90.6364,28699300,0.0000
2008-07-25,129.8300,130.9300,127.2600,128.5300,91.9891,45950300,0.0000
2008-07-18,121.8000,130.0000,119.9000,129.8900,92.9624,59542700,0.0000
2008-07-11,119.6200,124.5000,119.6200,122.1200,87.4014,47346100,0.0000
2008-07-03,119.9900,120.7800,116.6000,119.5400,85.5549,32716800,0.0000
2008-06-27,123.0000,125.8300,118.2600,120.0500,85.9199,41907700,0.0000
2008-06-20,125.4600,127.1400,122.3600,122.7400,87.8452,35367900,0.0000
2008-06-13,125.3800,126.7220,122.8600,126.1500,90.2857,31303600,0.0000
2008-06-06,128.6700,129.3700,124.7400,124.9400,89.4197,35309300,0.0000
2008-05-30,124.0100,129.9900,124.0000,129.4300,92.6332,33079200,0.0000
2008-05-23,127.6800,128.2100,123.0200,124.2000,88.8901,31469600,0.0000
2008-05-16,123.8000,128.8300,123.5600,127.8200,91.4809,40848500,0.0000
2008-05-09,122.7600,125.1700,120.7800,124.0600,88.7899,38973400,0.5000
2008-05-02,122.9800,124.4300,120.5000,123.1800,87.8064,36106300,0.0000
2008-04-25,122.0500,124.9000,122.0500,123.0800,87.7351,32273700,0.0000
2008-04-18,116.2000,125.0000,115.5400,124.4000,88.6761,67195200,0.0000
2008-04-11,116.3700,119.2200,115.2800,116.0000,82.6883,38989700,0.0000
2008-04-04,113.9500,118.3700,113.3400,115.7600,82.5172,42376300,0.0000
2008-03-28,118.5700,119.7900,114.2100,114.5700,81.6690,41496800,0.0000
2008-03-20,113.0000,118.5000,113.0000,118.3300,84.3492,39979100,0.0000
2008-03-14,113.1200,118.0000,112.6900,115.2301,82.1395,48594600,0.0000
2008-03-07,114.0900,116.4100,111.8000,113.9400,81.2199,39506500,0.0000
2008-02-29,107.6800,116.6300,107.4300,113.8600,81.1628,54366700,0.0000
2008-02-22,106.7900,109.6000,104.5300,108.0700,77.0356,31292600,0.0000
2008-02-15,102.9000,108.9300,102.8700,106.1600,75.6741,33932900,0.0000
2008-02-08,108.4000,109.0000,100.6000,103.2700,73.6140,40641500,0.4000
2008-02-01,104.4100,109.4000,103.7000,109.0800,77.4564,39007500,0.0000
2008-01-25,99.1600,107.7900,98.5000,104.5200,74.2184,57768700,0.0000
2008-01-18,105.0000,106.7200,100.0500,103.4000,73.4231,78126300,0.0000
2008-01-11,100.3550,101.0000,97.0400,97.6700,69.3543,52601500,0.0000
2008-01-04,109.2500,110.0000,100.4800,101.1300,71.8112,33799300,0.0000
2007-12-28,111.2000,112.1900,109.1080,110.0900,78.1736,16539900,0.0000
2007-12-21,105.3700,111.1600,104.0000,111.0500,78.8553,43481700,0.0000
2007-12-14,109.0000,110.4000,104.1000,105.7700,75.1060,36725700,0.0000
2007-12-07,105.4500,110.0000,104.5800,108.8600,77.3002,31672000,0.0000
2007-11-30,104.4000,109.1900,101.5000,105.1800,74.6871,46569900,0.0000
2007-11-23,104.3400,105.3900,101.3400,104.0500,73.8847,27820500,0.0000
2007-11-16,101.8900,106.4200,100.7000,104.7900,74.4102,50102700,0.0000
2007-11-09,115.1100,115.1100,99.2700,100.2542,71.1893,62718300,0.4000
2007-11-02,113.9000,116.2500,113.2800,114.5900,81.0771,30044700,0.0000
2007-10-26,110.9700,114.8000,110.9600,113.7300,80.4686,32762600,0.0000
2007-10-19,117.9500,119.9400,111.8000,112.2800,79.4426,53958800,0.0000
2007-10-12,116.1000,121.4600,115.8800,117.8100,83.3553,35082300,0.0000
2007-10-05,117.6100,119.6000,115.0000,116.3000,82.2870,33529800,0.0000
2007-09-28,116.9000,118.5000,115.7900,117.8000,83.3483,33029400,0.0000
2007-09-21,114.7000,118.1000,114.3000,116.7800,82.6266,38076800,0.0000
2007-09-14,116.1500,117.7800,114.6500,115.1300,81.4591,32211300,0.0000
2007-09-07,116.3400,118.8900,115.3300,115.5500,81.7563,28916300,0.0000
2007-08-31,113.0000,117.3500,111.6300,116.6900,82.5629,32617900,0.0000
2007-08-24,110.9000,113.2500,108.0800,113.2400,80.1219,39957700,0.0000
2007-08-17,112.9900,113.9500,103.7000,110.9000,78.4662,55388900,0.0000
2007-08-10,111.9700,114.6000,109.7000,112.6400,79.6974,41626500,0.4000
2007-08-03,115.6200,115.7500,110.0200,111.8900,78.8874,66192100,0.0000
2007-07-27,114.8800,118.8200,114.8500,115.6200,81.5172,64841000,0.0000
2007-07-20,108.5700,116.4800,108.4200,114.8100,80.9461,55626100,0.0000
2007-07-13,108.7300,109.6500,108.1000,108.6000,76.5678,34811600,0.0000
2007-07-06,105.3900,109.6600,104.5800,109.0300,76.8710,24567300,0.0000
2007-06-29,104.7300,106.9200,104.1000,105.2500,74.2059,31559100,0.0000
2007-06-22,105.2700,107.0200,104.4400,104.4400,73.6348,35051000,0.0000
2007-06-15,102.8700,105.1900,102.1000,105.0900,74.0931,34517000,0.0000
2007-06-08,106.5000,106.5900,101.5600,103.0700,72.6689,63185700,0.0000
2007-06-01,105.5700,107.6700,105.2100,106.5400,75.1154,23208200,0.0000
2007-05-25,107.1500,108.0000,103.5700,105.1800,74.1566,30271700,0.0000
2007-05-18,105.8100,108.0500,104.5300,107.9900,76.1377,35014200,0.0000
2007-05-11,102.7600,105.9900,102.2100,105.9800,74.7206,34979100,0.4000
2007-05-04,101.1100,103.1700,100.9700,102.9600,72.3113,38307800,0.0000
2007-04-27,95.3500,101.7000,95.0500,101.1700,71.0542,58275300,0.0000
2007-04-20,94.9900,97.6600,93.9110,94.5800,66.4258,51786700,0.0000
2007-04-13,96.4300,96.9400,94.5300,94.9300,66.6717,27497000,0.0000
2007-04-05,94.5100,96.7500,94.0600,96.5200,67.7884,19197800,0.0000
2007-03-30,94.8400,95.2500,93.5700,94.2600,66.2011,34042800,0.0000
2007-03-23,93.9500,95.8100,93.3900,95.0300,66.7419,26906600,0.0000
2007-03-16,93.2900,94.4700,92.1000,93.2500,65.4918,36423000,0.0000
2007-03-09,90.2500,94.8500,90.1000,93.2800,65.5128,43505100,0.0000
2007-03-02,97.8600,97.8600,88.7700,90.9000,63.8413,52427400,0.0000
2007-02-23,98.6600,99.5000,97.4100,97.7300,68.6382,20682500,0.0000
2007-02-16,98.8000,99.5200,97.8000,98.9900,69.5231,27047900,0.0000
2007-02-09,99.1700,100.4400,97.8100,98.5500,69.2141,34668400,0.3000
2007-02-02,98.1000,99.7300,97.4500,99.1700,69.4402,34172300,0.0000
2007-01-26,96.4200,97.9200,96.1200,97.4500,68.2359,41549100,0.0000
2007-01-19,99.4000,100.9000,94.5500,96.1700,67.3396,58474800,0.0000
2007-01-12,98.5000,100.3300,97.9300,99.3400,69.5593,44830200,0.0000
2007-01-05,97.1700,98.7900,96.2600,97.4200,68.2149,26942600,0.0000
2006-12-29,95.0000,97.8800,94.9200,97.1500,68.0258,15807900,0.0000
2006-12-22,94.9500,96.5000,94.8000,95.2500,66.6954,24009800,0.0000
2006-12-15,93.7200,95.8000,93.3000,95.3000,66.7304,30414900,0.0000
2006-12-08,92.5000,94.8700,92.2500,93.8600,65.7221,28792200,0.0000
2006-12-01,92.7100,93.2400,90.4300,91.2500,63.8945,27785200,0.0000
2006-11-24,93.7700,93.8000,92.8000,93.3500,65.3650,13559900,0.0000
2006-11-17,91.7500,94.0500,91.4100,93.8100,65.6871,23826600,0.0000
2006-11-10,91.5000,93.4000,91.5000,91.7600,64.2516,29456500,0.3000
2006-11-03,90.3000,92.6800,89.8000,91.4100,63.7999,30108500,0.0000
2006-10-27,90.0500,92.0000,90.0100,90.7600,63.3462,35037300,0.0000
2006-10-20,86.0800,92.0400,85.7500,90.4800,63.1508,67866100,0.0000
2006-10-13,83.1400,86.2100,83.0000,86.0800,60.0798,26864000,0.0000
2006-10-06,81.7600,83.7800,81.5600,83.1400,58.0278,25738600,0.0000
2006-09-29,81.6400,82.7900,81.2800,81.9400,57.1902,25658300,0.0000
2006-09-22,82.5600,83.7900,81.0100,81.2100,56.6807,30290000,0.0000
2006-09-15,80.6000,83.5900,80.2500,82.9400,57.8882,27425800,0.0000
2006-09-08,81.1900,81.5400,79.3100,80.6600,56.2969,16108000,0.0000
2006-09-01,79.9100,81.6800,79.7600,81.4100,56.8203,22236900,0.0000
2006-08-25,79.5100,80.0000,78.4200,79.8800,55.7525,18060100,0.0000
2006-08-18,75.8500,79.9700,75.6000,79.9000,55.7664,29303900,0.0000
2006-08-11,75.6300,76.2800,75.0500,75.4800,52.6815,19054700,0.3000
2006-08-04,76.4400,77.5000,74.9000,75.9100,52.7714,20900500,0.0000
2006-07-28,74.9200,77.3000,74.9200,76.9600,53.5014,25666400,0.0000
2006-07-21,73.3400,77.0600,72.7300,74.8600,52.0415,50614500,0.0000
2006-07-14,76.1800,76.8300,73.3700,73.5700,51.1447,37325800,0.0000
2006-07-07,77.5400,78.5300,76.1200,76.4200,53.1260,18199800,0.0000
2006-06-30,77.0400,77.9300,76.0600,76.8200,53.4040,26797500,0.0000
2006-06-23,78.0600,78.5600,76.9400,77.1000,53.5987,27070000,0.0000
2006-06-16,77.6800,78.7800,76.8200,77.9500,54.1896,33150500,0.0000
2006-06-09,79.1000,80.7400,76.7500,78.0100,54.2313,40341000,0.0000
2006-06-02,80.3500,80.9600,79.1500,79.5200,55.2810,23532800,0.0000
2006-05-26,79.9400,81.3000,79.0000,80.7500,56.1361,26222700,0.0000
2006-05-19,81.8000,83.2500,79.5100,80.2800,55.8094,28629900,0.0000
2006-05-12,82.6000,83.6900,82.3000,82.3900,57.2762,22319900,0.3000
2006-05-05,82.5900,83.5500,82.0000,82.9800,57.4783,24540000,0.0000
2006-04-28,81.3000,84.4000,81.1000,82.3400,57.0350,36485300,0.0000
2006-04-21,81.7700,84.0000,81.2600,81.6600,56.5640,35449300,0.0000
2006-04-13,82.4900,82.7400,80.6300,81.9800,56.7857,18292300,0.0000
2006-04-07,82.7200,84.4500,82.4400,82.4800,57.1320,23780100,0.0000
2006-03-31,82.9800,83.7000,82.2000,82.4700,57.1251,23139800,0.0000
2006-03-24,83.1100,84.9900,82.9300,83.3600,57.7416,25547800,0.0000
2006-03-17,81.5600,83.7600,81.4500,83.3000,57.7000,25173700,0.0000
2006-03-10,80.0500,82.2500,79.8600,81.5700,56.5017,23708100,0.0000
2006-03-03,80.0000,80.8900,79.5100,79.9600,55.3865,23693200,0.0000
2006-02-24,80.1000,81.6500,79.8500,80.1000,55.4834,20014900,0.0000
2006-02-17,81.3300,81.9100,80.1300,80.7100,55.9060,26994200,0.0000
2006-02-10,79.9400,81.4600,78.9300,81.3300,56.3354,32826100,0.2000
2006-02-03,81.0200,82.2400,79.7200,79.9700,55.2566,33566000,0.0000
2006-01-27,81.3300,82.1500,80.5900,81.0200,55.9821,32471000,0.0000
2006-01-20,82.8000,84.7000,81.2500,81.3600,56.2171,34792500,0.0000
2006-01-13,83.9000,84.8100,82.5000,83.1700,57.4677,30173200,0.0000
2006-01-06,82.4500,85.0300,80.8100,84.9500,58.6976,36958200,0.0000
2005-12-30,83.4800,84.5000,81.5600,82.2000,56.7975,17622000,0.0000
2005-12-23,83.2300,84.2000,82.0600,83.4800,57.6819,27298200,0.0000
2005-12-16,87.0100,87.3500,82.7500,83.3700,57.6059,39305300,0.0000
2005-12-09,88.4000,89.9200,86.3300,86.9700,60.0934,26427900,0.0000
2005-12-02,88.8000,89.9400,88.3600,88.6500,61.2542,25765400,0.0000
2005-11-25,87.6000,89.3900,86.8800,88.8000,61.3579,18193100,0.0000
2005-11-18,84.2500,88.0000,84.0300,87.7700,60.6462,30719600,0.0000
2005-11-11,83.1000,84.8400,82.3000,84.5500,58.4212,21762600,0.2000
2005-11-04,81.5100,83.3000,80.6400,83.0000,57.2126,31154000,0.0000
2005-10-28,83.1500,83.9500,80.5000,81.4200,56.1235,25793400,0.0000
2005-10-21,82.3600,84.6000,81.9300,83.3300,57.4401,39286100,0.0000
2005-10-14,81.2400,83.5200,81.0800,82.3500,56.7646,36349300,0.0000
2005-10-07,80.2200,81.4700,78.7000,80.5000,55.4894,30921800,0.0000
2005-09-30,78.3100,80.5500,76.9300,80.2200,55.2964,30116700,0.0000
2005-09-23,79.7400,79.9800,77.3000,78.0000,53.7661,31701800,0.0000
2005-09-16,81.0300,82.1100,79.6700,80.3300,55.3722,25110400,0.0000
2005-09-09,79.7000,81.5200,79.7000,81.4400,56.1373,18681300,0.0000
2005-09-02,80.0000,81.7500,79.3400,79.4600,54.7725,25171500,0.0000
2005-08-26,82.7500,83.3500,80.2600,80.3800,55.4066,22210500,0.0000
2005-08-19,81.9000,83.3000,80.8000,82.7600,57.0472,22885800,0.0000
2005-08-12,83.4100,84.0100,81.6200,82.1900,56.6543,22568800,0.2000
2005-08-05,83.0000,84.2000,82.7300,83.3600,57.3233,22265700,0.0000
2005-07-29,83.9800,84.5200,82.8100,83.4600,57.3920,24382900,0.0000
2005-07-22,81.9900,85.1100,81.6800,84.4400,58.0659,45014200,0.0000
2005-07-15,79.4000,82.7500,78.5200,82.3800,56.6493,45662500,0.0000
2005-07-08,74.3800,79.5200,74.1600,79.3000,54.5314,37388800,0.0000
2005-07-01,74.0100,75.6800,73.4500,74.6700,51.3475,30677800,0.0000
2005-06-24,76.0300,77.4900,74.0000,74.0100,50.8936,33289800,0.0000
2005-06-17,74.5000,77.7300,74.4500,76.3900,52.5303,33568000,0.0000
2005-06-10,75.8000,76.0900,74.1000,74.7700,51.4163,24804200,0.0000
2005-06-03,76.6000,77.5000,75.5000,75.7900,52.1177,23975100,0.0000
2005-05-27,76.3000,77.4100,75.1700,77.1000,53.0185,24899800,0.0000
2005-05-20,73.0900,77.6400,73.0900,76.4100,52.5440,34306900,0.0000
2005-05-13,75.2600,75.4600,72.5000,73.1600,50.3091,33727100,0.0000
2005-05-06,76.8800,78.1100,74.9700,75.2600,51.7532,39063200,0.2000
2005-04-29,75.2400,77.1800,74.0500,76.3800,52.3842,51112000,0.0000
2005-04-22,77.1500,77.7500,71.8500,74.2100,50.8959,70090000,0.0000
2005-04-15,87.3500,87.5600,76.3300,76.7000,52.6037,62144400,0.0000
2005-04-08,90.0800,90.6200,87.5000,87.6000,60.0793,27677900,0.0000
2005-04-01,90.7100,91.7600,90.0400,90.4400,62.0270,25553000,0.0000
2005-03-24,89.4200,91.5500,89.2600,90.7000,62.2054,18904100,0.0000
2005-03-18,91.5000,92.2700,89.0900,89.2800,61.2315,25767500,0.0000
2005-03-11,92.3500,93.0000,91.2000,91.5100,62.7609,24562700,0.0000
2005-03-04,92.5300,93.7300,92.2000,92.3700,63.3507,22028900,0.0000
2005-02-25,92.6700,93.5000,91.5500,92.8000,63.6456,18680300,0.0000
2005-02-18,93.1600,94.9700,92.5500,93.2700,63.9680,20002800,0.0000
2005-02-11,94.3500,94.9000,92.3000,93.3000,63.9885,21103700,0.1800
2005-02-04,93.6500,94.7400,93.0000,94.5100,64.6947,19731000,0.0000
2005-01-28,92.7000,93.5900,91.4400,92.8900,63.5858,27667500,0.0000
2005-01-21,93.6500,95.3400,92.2300,92.3800,63.2366,28556000,0.0000
2005-01-14,95.7800,96.2000,93.5500,94.1000,64.4140,26060300,0.0000
2005-01-07,98.9700,99.1000,95.4700,95.7800,65.5640,27415300,0.0000
2004-12-31,97.6900,99.0000,97.3700,98.5800,67.4807,17501200,0.0000
2004-12-23,96.3500,98.0000,96.3500,97.7200,66.8920,18152400,0.0000
2004-12-17,96.8500,98.1500,96.0800,96.2000,65.8515,27720400,0.0000
2004-12-10,96.8800,98.2500,95.7100,96.6700,66.1733,26952800,0.0000
2004-12-03,94.9400,97.6300,94.2400,97.0800,66.4539,29413700,0.0000
2004-11-26,94.3000,95.7900,94.1600,94.7200,64.8384,17298900,0.0000
2004-11-19,95.0800,96.6300,94.2500,94.4500,64.6536,27259900,0.0000
2004-11-12,92.5000,95.5000,92.5000,95.3200,65.2492,28090600,0.1800
2004-11-05,89.3300,93.5200,89.2300,93.2800,63.7299,30762600,0.0000
2004-10-29,87.3600,90.2700,87.3100,89.7500,61.3181,27890400,0.0000
2004-10-22,84.3000,89.7300,84.2900,87.3900,59.7057,39927800,0.0000
2004-10-15,86.7700,87.2000,84.3000,84.8500,57.9704,24456500,0.0000
2004-10-08,87.0000,88.1000,86.5100,86.7100,59.2412,21303400,0.0000
2004-10-01,84.1000,86.9800,83.8800,86.7200,59.2480,22465000,0.0000
2004-09-24,85.4000,86.4300,83.2400,84.4300,57.6834,23167900,0.0000
2004-09-17,87.0000,87.2800,85.4400,85.7400,58.5785,23207800,0.0000
2004-09-10,84.7000,87.0000,84.6000,86.7600,59.2753,17994900,0.0000
2004-09-03,84.5700,85.0900,83.6500,84.3900,57.6561,17286100,0.0000
2004-08-27,85.2300,85.4500,84.3500,84.9400,58.0319,16955800,0.0000
2004-08-20,83.7000,85.3500,83.5100,85.2500,58.2437,21524300,0.0000
2004-08-13,83.4800,84.9900,81.9000,83.9100,57.3282,26196900,0.0000
2004-08-06,86.8700,87.3900,83.4200,83.4800,57.0344,20815300,0.1800
2004-07-30,84.8500,87.4000,84.5100,87.0700,59.3591,22923000,0.0000
2004-07-23,84.5000,87.1100,84.4000,84.8500,57.8457,28063300,0.0000
2004-07-16,84.0000,86.4800,83.4200,84.2800,57.4571,35836700,0.0000
2004-07-09,86.5000,86.7300,83.5100,83.8900,57.1912,26209600,0.0000
2004-07-02,89.7100,89.9000,86.5700,87.0400,59.3387,21510400,0.0000
2004-06-25,90.4000,90.9200,88.9400,89.5500,61.0498,22021500,0.0000
2004-06-18,90.0500,91.2100,89.6200,90.0600,61.3975,22426400,0.0000
2004-06-10,88.7500,90.7500,88.0100,90.4600,61.6702,18366900,0.0000
2004-06-04,88.0900,88.6400,87.3000,87.5600,59.6932,15611800,0.0000
2004-05-28,87.7500,89.0800,86.5500,88.5900,60.3954,20742800,0.0000
2004-05-21,85.3000,88.8800,85.1500,87.1300,59.4000,26694400,0.0000
2004-05-14,87.6000,88.1500,85.1200,86.4100,58.9092,31619400,0.0000
2004-05-07,88.1300,89.7500,87.2012,88.1900,60.1227,25650700,0.1800
2004-04-30,90.7500,91.9900,88.0100,88.1700,59.9868,26790300,0.0000
2004-04-23,91.9000,92.4800,89.7000,91.2800,62.1027,26094200,0.0000
2004-04-16,93.5000,94.3600,91.0400,92.2800,62.7831,31404700,0.0000
2004-04-08,93.9500,94.3900,92.5100,93.1200,63.3546,16201400,0.0000
2004-04-02,92.9900,94.5500,91.3500,94.2000,64.0894,25046900,0.0000
2004-03-26,91.2700,93.2500,90.2800,92.7700,63.1165,27482700,0.0000
2004-03-19,92.6000,93.7900,90.8800,91.6200,62.3341,27477500,0.0000
2004-03-12,96.4900,96.8800,91.1500,93.3000,63.4771,32862500,0.0000
2004-03-05,96.5000,97.6000,95.5600,96.4500,65.6202,21755500,0.0000
2004-02-27,97.4000,97.5100,95.2000,96.5000,65.6542,25680600,0.0000
2004-02-20,99.9900,100.0000,97.1900,97.3100,66.2053,19898100,0.0000
2004-02-13,99.3100,100.3100,98.4100,99.7100,67.8381,20479500,0.0000
2004-02-06,99.1500,100.4300,98.2500,98.9400,67.3143,31683700,0.1600
2004-01-30,97.9000,99.8500,96.5500,99.2300,67.4026,30864500,0.0000
2004-01-23,96.0000,98.2100,95.7300,97.9000,66.4992,25889600,0.0000
2004-01-16,91.2100,95.6500,89.0100,95.3200,64.7467,48592000,0.0000
2004-01-09,92.0000,93.3800,91.0000,91.2100,61.9549,28694600,0.0000
2004-01-02,93.1000,93.7300,91.2000,91.5500,62.1859,18092000,0.0000
2003-12-26,92.8300,93.5000,92.1800,92.9000,63.1029,11178100,0.0000
2003-12-19,93.4300,94.1200,91.8800,93.1400,63.2659,33482600,0.0000
2003-12-12,90.5200,93.1600,90.5200,92.7100,62.9738,30943400,0.0000
2003-12-05,90.9000,91.4800,90.0300,90.6400,61.5678,27735300,0.0000
2003-11-28,89.0300,90.6800,88.9500,90.5400,61.4998,15370200,0.0000
2003-11-21,89.9000,90.1800,88.2300,88.6300,60.2025,25235500,0.0000
2003-11-14,89.5500,91.4800,88.8900,90.2500,61.3028,28880700,0.0000
2003-11-07,89.9000,90.8400,87.7200,88.2600,59.9511,28479700,0.1600
2003-10-31,88.8000,90.7100,88.0500,89.4800,60.6712,28610800,0.0000
2003-10-24,89.3500,89.4000,87.5300,88.4200,59.9524,29376600,0.0000
2003-10-17,93.1000,94.5400,88.6600,89.2300,60.5017,47597600,0.0000
2003-10-10,90.7400,93.6000,90.4000,92.6700,62.8341,27727600,0.0000
2003-10-03,89.2500,91.9500,87.9000,90.6400,61.4577,35612700,0.0000
2003-09-26,92.2400,92.2400,89.0000,89.0500,60.3796,34494900,0.0000
2003-09-19,89.7000,93.4700,88.3900,93.2800,63.2477,42039300,0.0000
2003-09-12,88.4500,89.9700,86.4000,88.7000,60.1423,41601200,0.0000
2003-09-05,82.4000,88.2900,82.3000,86.9500,58.9557,41027800,0.0000
2003-08-29,82.8500,83.0300,81.2700,82.0100,55.6062,24293600,0.0000
2003-08-22,82.0500,84.7200,81.9000,82.9700,56.2571,30615500,0.0000
2003-08-15,80.8700,82.1900,80.2800,81.7900,55.4570,22220100,0.0000
2003-08-08,80.7500,81.3600,78.7300,80.8800,54.8400,30290600,0.1600
2003-08-01,83.6700,83.7000,80.0500,81.2700,54.9941,34886500,0.0000
2003-07-25,83.2000,83.7400,81.5100,83.5500,56.5369,33171000,0.0000
2003-07-18,86.0000,87.0300,82.5000,83.7200,56.6520,45286100,0.0000
2003-07-11,84.8000,86.7500,83.4700,84.8900,57.4437,32242400,0.0000
2003-07-03,83.9000,84.8900,81.4000,83.9500,56.8076,22755900,0.0000
2003-06-27,84.7900,84.7900,82.0900,83.4200,56.4490,27829700,0.0000
2003-06-20,83.1000,85.2900,82.5500,84.9200,57.4640,37484300,0.0000
2003-06-13,80.0000,84.9800,79.8100,82.7500,55.9956,41268000,0.0000
2003-06-06,89.0000,89.0800,79.8400,80.0500,54.1686,69955400,0.0000
2003-05-30,84.5100,88.7000,84.5100,88.0400,59.5753,26786400,0.0000
2003-05-23,88.0500,88.4700,84.8900,85.2600,57.6941,32835800,0.0000
2003-05-16,87.5500,90.4000,87.1000,88.9900,60.2181,38800700,0.0000
2003-05-09,87.2000,88.3400,85.7500,87.5500,59.2437,35257500,0.1600
2003-05-02,84.0500,87.5700,83.6200,87.5700,59.1480,39359000,0.0000
2003-04-25,84.4000,86.0600,82.6000,83.8800,56.6557,36064700,0.0000
2003-04-17,78.5000,84.4000,78.1600,84.2600,56.9123,42212300,0.0000
2003-04-11,82.6000,82.9000,78.1300,78.7500,53.1907,39935800,0.0000
2003-04-04,79.2600,83.4800,78.1200,80.7900,54.5686,46339300,0.0000
2003-03-28,82.4600,84.0000,80.5000,80.8500,54.6091,42576300,0.0000
2003-03-21,78.0000,84.9000,77.8400,84.9000,57.3446,58133300,0.0000
2003-03-14,77.4500,79.4800,73.1700,79.0000,53.3595,48104400,0.0000
2003-03-07,78.9000,79.0000,75.7100,77.9000,52.6166,32954000,0.0000
2003-02-28,79.7000,79.9900,76.7500,77.9500,52.6503,39649300,0.0000
2003-02-21,78.0200,80.0500,77.9100,79.9500,54.0012,26970500,0.0000
2003-02-14,77.1000,78.9700,74.3100,77.4500,52.3126,41674400,0.0000
2003-02-07,78.2000,78.9000,76.2500,77.1000,52.0762,37378500,0.1500
2003-01-31,77.9900,81.3000,77.0200,78.2000,52.7172,42173800,0.0000
2003-01-24,81.3000,81.8500,78.8200,78.9900,53.2497,34478700,0.0000
2003-01-17,88.3100,88.9500,81.1800,81.3000,54.8070,53450200,0.0000
2003-01-10,81.9000,88.0400,81.8100,87.6800,59.1079,50004000,0.0000
2003-01-03,77.0000,81.6500,75.6000,81.6500,55.0429,29764800,0.0000
2002-12-27,79.7500,81.5000,76.6100,77.3600,52.1509,20460800,0.0000
2002-12-20,79.6000,81.7900,78.2400,79.7900,53.7890,36539200,0.0000
2002-12-13,81.0000,82.4800,78.2700,80.0000,53.9306,37355200,0.0000
2002-12-06,88.6000,89.4600,81.0700,82.3200,55.4946,41270300,0.0000
2002-11-29,84.6300,88.1100,83.5200,86.9200,58.5956,28402500,0.0000
2002-11-22,80.8000,85.1700,77.8400,84.4300,56.9170,45101100,0.0000
2002-11-15,77.5900,80.9900,76.7000,80.0100,53.9374,49429400,0.0000
2002-11-08,81.9900,83.8100,77.2000,77.5900,52.3060,52109900,0.1500
2002-11-01,75.1500,80.5000,74.2000,80.4000,54.1007,56125400,0.0000
2002-10-25,73.6500,75.9000,71.7500,74.5600,50.1710,51727300,0.0000
2002-10-18,61.5400,74.2500,61.5400,74.2500,49.9624,72253200,0.0000
2002-10-11,56.6000,63.9200,54.0100,63.9200,43.0114,67066500,0.0000
2002-10-04,59.5500,62.0000,55.7700,56.6000,38.0858,60869200,0.0000
2002-09-27,63.7500,64.8800,59.5500,60.3600,40.6159,59368300,0.0000
2002-09-20,72.0000,73.4500,63.9000,63.9200,43.0114,59733100,0.0000
2002-09-13,72.4500,77.5000,71.3100,72.5000,48.7849,29374700,0.0000
2002-09-06,74.2000,75.0000,71.5000,73.2000,49.2559,24168200,0.0000
2002-08-30,80.4000,80.8900,75.1000,75.3800,50.7228,31535800,0.0000
2002-08-23,79.3500,82.8500,79.0100,80.4000,54.1007,37599000,0.0000
2002-08-16,71.0500,79.9800,70.6100,79.3500,53.3942,42544100,0.0000
2002-08-09,67.9400,74.3000,65.8500,71.8300,48.3340,38896400,0.1500
2002-08-02,70.3700,72.7000,67.1200,67.8800,45.5773,50523500,0.0000
2002-07-26,71.2500,72.1900,65.7000,66.4000,44.5835,64004300,0.0000
2002-07-19,68.4000,74.2000,66.6000,72.0000,48.3436,59368700,0.0000
2002-07-12,73.0000,73.4800,67.5500,69.2100,46.4703,50325700,0.0000
2002-07-05,72.0100,73.9000,67.1600,73.5000,49.3507,37781700,0.0000
2002-06-28,67.2500,73.6200,66.1000,72.0000,48.3436,56342200,0.0000
2002-06-21,76.1800,77.7500,68.1900,68.7500,46.1614,51132700,0.0000
2002-06-14,77.7500,78.8000,73.2500,76.1700,51.1435,45826900,0.0000
2002-06-07,80.7500,80.9500,77.0000,78.3000,52.5737,37678900,0.0000
2002-05-31,82.8000,83.1100,80.2200,80.4500,54.0172,21571900,0.0000
2002-05-24,85.4500,85.4600,82.5200,83.1000,55.7966,25012600,0.0000
2002-05-17,80.2500,86.4900,79.5000,85.6900,57.5356,37347700,0.0000
2002-05-10,81.7000,83.0000,75.9200,79.6800,53.5002,61363200,0.1500
2002-05-03,84.7100,85.2300,81.1100,81.7800,54.8105,42862500,0.0000
2002-04-26,88.9500,89.0800,84.7000,84.7100,56.7743,31976500,0.0000
2002-04-19,86.5000,90.0300,84.0000,89.0000,59.6495,51860900,0.0000
2002-04-12,87.5000,89.9500,83.3400,85.6000,57.3708,110897800,0.0000
2002-04-05,104.0000,104.0000,97.2500,97.2500,65.1788,36348600,0.0000
2002-03-28,105.8000,106.6600,102.3000,104.0000,69.7028,25371800,0.0000
2002-03-22,107.1000,108.6400,104.7000,105.6000,70.7752,25381100,0.0000
2002-03-15,104.3500,108.8500,103.6000,106.7900,71.5727,42307200,0.0000
2002-03-08,103.3500,107.5000,103.1300,105.0900,70.4334,47715500,0.0000
2002-03-01,98.4500,103.1000,95.9900,103.0200,69.0460,51947900,0.0000
2002-02-22,101.5000,101.8000,95.7600,98.4500,65.9831,48524400,0.0000
2002-02-15,105.0000,109.1500,101.7000,102.8900,68.9589,39939500,0.0000
2002-02-08,108.0000,108.5000,102.6100,104.9900,70.3663,35602600,0.1400
2002-02-01,109.5000,110.2100,101.0000,108.0000,72.2888,55992100,0.0000
2002-01-25,114.2500,114.2600,107.0000,109.2800,73.1455,38030400,0.0000
2002-01-18,120.0000,120.5500,112.8100,114.2500,76.4722,50634800,0.0000
2002-01-11,125.0000,126.3900,120.2800,120.3100,80.5284,31815400,0.0000
2002-01-04,122.7500,125.6000,119.8000,125.6000,84.0692,27402400,0.0000
2001-12-28,122.0500,123.9300,121.1000,122.9000,82.2620,13450200,0.0000
2001-12-21,120.1500,124.7000,120.1500,122.0000,81.6596,34859100,0.0000
2001-12-14,120.0000,123.2100,119.4100,121.1000,81.0571,36439000,0.0000
2001-12-07,114.8000,121.9800,113.2100,120.4000,80.5886,45132800,0.0000
2001-11-30,115.9000,116.4000,111.8100,115.5900,77.3691,29636100,0.0000
2001-11-23,114.7000,116.8000,113.0500,115.3500,77.2084,17282200,0.0000
2001-11-16,113.0000,117.0000,112.0500,114.5000,76.6395,36592100,0.0000
2001-11-09,109.9500,115.5600,109.0000,114.0800,76.3584,37385000,0.1400
2001-11-02,110.5000,111.1200,106.9000,109.5000,73.2028,37116500,0.0000
2001-10-26,102.6500,112.1000,101.9000,111.1600,74.3125,43172300,0.0000
2001-10-19,99.8500,106.7000,99.6600,102.6500,68.6234,63537500,0.0000
2001-10-12,98.0300,101.0000,94.9000,100.8400,67.4134,48258400,0.0000
2001-10-05,91.7200,98.8800,91.3400,98.0200,65.5282,46507700,0.0000
2001-09-28,91.8000,96.0000,87.4900,91.7200,61.3165,61809500,0.0000
2001-09-21,93.9000,96.8500,89.5000,90.5000,60.5009,75868900,0.0000
2001-09-10,96.0000,97.4000,95.5900,96.4700,64.4920,10311500,0.0000
2001-09-07,100.1500,103.1300,96.0000,96.5900,64.5722,41322600,0.0000
2001-08-31,106.9900,108.2000,98.8600,99.9500,66.8184,38331400,0.0000
2001-08-24,104.6800,107.8000,101.4000,106.9900,71.5248,33343800,0.0000
2001-08-17,105.0000,106.8500,103.6600,104.5900,69.9204,29688900,0.0000
2001-08-10,107.2500,107.3700,102.7000,104.9500,70.1610,26622100,0.1400
2001-08-03,104.9000,110.0900,104.7600,108.1800,72.2233,25049100,0.0000
2001-07-27,105.7000,106.9500,102.7300,104.7000,69.9000,32638300,0.0000
2001-07-20,108.5300,109.3800,103.0300,105.7000,70.5676,48299000,0.0000
2001-07-13,106.5000,109.3000,101.5600,108.5300,72.4570,45082800,0.0000
2001-07-06,113.5000,115.4000,105.8100,106.5000,71.1017,25362500,0.0000
2001-06-29,113.7500,116.9500,111.1000,113.5000,75.7750,35230300,0.0000
2001-06-22,113.9800,117.2500,111.3600,112.8700,75.3544,33926900,0.0000
2001-06-15,116.3000,118.4700,113.3800,113.6000,75.8418,39520000,0.0000
2001-06-08,113.2500,119.0000,112.8500,116.1000,77.5108,29113600,0.0000
2001-06-01,117.3500,117.5900,111.6400,112.8900,75.3678,27279700,0.0000
2001-05-25,117.9500,119.9000,117.1000,117.8000,78.6458,34172800,0.0000
2001-05-18,111.2000,117.6800,111.0000,117.4400,78.4055,32527500,0.0000
2001-05-11,116.2000,118.9000,110.9600,111.8100,74.6468,37758700,0.1400
2001-05-04,116.4000,118.9500,111.2000,115.8600,77.2587,40113600,0.0000
2001-04-27,114.0100,116.9000,111.6800,116.2000,77.4854,38874700,0.0000
2001-04-20,96.2000,116.4000,95.2000,114.8300,76.5719,77541600,0.0000
2001-04-12,98.5000,101.9400,93.8000,96.2000,64.1489,40874500,0.0000
2001-04-06,97.4500,100.0000,90.0500,97.9500,65.3158,61562900,0.0000
2001-03-30,95.2500,100.0000,93.7500,96.1800,64.1355,52337900,0.0000
2001-03-23,91.0000,94.9900,87.6500,93.5100,62.3551,56911400,0.0000
2001-03-16,97.9000,98.9000,88.2000,90.1000,60.0812,69318700,0.0000
2001-03-09,102.8100,108.4000,97.9000,99.2900,66.2094,46134500,0.0000
2001-03-02,105.8000,107.6500,97.5000,102.3000,68.2165,59912700,0.0000
2001-02-23,114.5500,115.6000,100.2500,104.0000,69.3501,42890800,0.0000
2001-02-16,110.5500,118.6400,110.3000,115.0000,76.6853,36127100,0.0000
2001-02-09,109.4000,118.2000,109.3000,112.0000,74.6848,36346600,0.1300
2001-02-02,112.5000,116.7500,109.6000,110.2700,73.4495,32690400,0.0000
2001-01-26,109.5000,115.2500,107.6200,114.1900,76.0605,40283600,0.0000
2001-01-19,93.7500,113.9400,91.8100,111.2500,74.1022,55406000,0.0000
2001-01-12,93.5000,96.4400,91.2500,93.8100,62.4857,37351000,0.0000
2001-01-05,84.5000,99.7500,83.7500,94.0000,62.6122,44240800,0.0000
2000-12-29,89.0000,89.5600,82.1200,85.0000,56.6174,31039700,0.0000
2000-12-22,88.3700,94.4400,80.0600,89.0000,59.2818,50218000,0.0000
2000-12-15,96.5000,98.2500,87.3100,87.8100,58.4892,41477400,0.0000
2000-12-08,96.0000,104.7500,93.1200,97.0000,64.6105,37530500,0.0000
2000-12-01,100.4400,102.0000,92.2500,95.6200,63.6913,32366400,0.0000
2000-11-24,101.5000,104.3700,98.3100,99.9400,66.5688,22641900,0.0000
2000-11-17,91.8100,102.5000,91.6200,101.9400,67.9010,29453200,0.0000
2000-11-10,99.8700,103.7500,93.0000,93.0000,61.9461,32715700,0.1300
2000-11-03,93.5000,102.6200,90.3100,100.1200,66.6021,39746400,0.0000
2000-10-27,94.7500,95.0000,86.9400,93.6900,62.3247,48790400,0.0000
2000-10-20,111.5000,113.8700,90.2500,94.7500,63.0299,73706800,0.0000
2000-10-13,115.9400,119.3700,103.1200,109.0600,72.5492,38085500,0.0000
2000-10-06,112.6200,119.6200,108.5600,116.0000,77.1658,43940700,0.0000
2000-09-29,124.5000,126.6200,110.2500,112.6200,74.9174,31360800,0.0000
2000-09-22,125.2500,126.6900,120.0000,123.8700,82.4011,22129500,0.0000
2000-09-15,127.8700,129.1900,122.7500,125.0000,83.1529,28000200,0.0000
2000-09-08,132.8100,134.8800,129.3800,129.5000,86.1464,20201600,0.0000
2000-09-01,129.8800,134.9400,129.5600,133.6300,88.8937,30751200,0.0000
2000-08-25,121.0600,129.8800,119.8700,129.0000,85.8137,24522100,0.0000
2000-08-18,120.0000,123.6900,119.3100,120.4400,80.1194,23739400,0.0000
2000-08-11,116.6200,121.8100,115.5600,120.6200,80.2392,29859300,0.1300
2000-08-04,110.5000,116.5000,110.0600,115.8700,76.9952,24015800,0.0000
2000-07-28,114.1200,115.6200,108.8700,111.8100,74.2973,28454700,0.0000
2000-07-21,104.4400,117.8100,101.0000,114.7500,76.2509,52881600,0.0000
2000-07-14,104.6900,105.9400,101.0000,103.9400,69.0677,25072200,0.0000
2000-07-07,108.7500,109.8700,100.0000,105.0600,69.8120,38608400,0.0000
2000-06-30,113.0000,115.7500,108.6200,109.5600,72.8022,32971500,0.0000
2000-06-23,113.5000,120.6900,110.8100,111.8700,74.3372,27864000,0.0000
2000-06-16,119.1200,120.4400,113.2500,113.2500,75.2542,26364000,0.0000
2000-06-09,108.4400,122.3100,108.4400,119.6900,79.5335,37831000,0.0000
2000-06-02,107.7500,111.0000,105.5000,108.8100,72.3038,18535800,0.0000
2000-05-26,106.0000,112.2500,103.4400,106.9400,71.0612,31197000,0.0000
2000-05-19,104.0000,109.2500,102.0000,106.4400,70.7290,29694500,0.0000
2000-05-12,108.0600,110.6200,102.0600,104.4400,69.4000,33410400,0.1300
2000-05-05,112.5000,113.6200,106.5000,107.8700,71.5944,22151300,0.0000
2000-04-28,102.0000,113.9400,101.2500,111.5000,74.0037,35488400,0.0000
2000-04-20,103.8700,115.1200,102.0600,104.0000,69.0258,43482800,0.0000
2000-04-14,124.7500,125.3700,102.8700,105.0000,69.6895,42149600,0.0000
2000-04-07,120.0000,128.0000,115.0600,123.1200,81.7160,47344000,0.0000
